ISO-10303-21;
HEADER;
/* Generated by software containing ST-Developer
 * from STEP Tools, Inc. (www.steptools.com) 
 */
/* OPTION: using custom renumber hook */

FILE_DESCRIPTION(
/* description */ ('STEP AP242 Edition 2',
'CAx-IF Rec.Pracs.---Representation and Presentation of Product Manufa
cturing Information (PMI)---4.0---2014-10-13',
'CAx-IF Rec.Pracs.---3D Tessellated Geometry---0.4---2014-09-14','2;1',
'CAx-IF Rec.Pracs.---User Defined Attributes---1.5---2016-08-15'),
/* implementation_level */ '2;1');

FILE_NAME(
/* name */ 'Part Studio 1',
/* time_stamp */ '2026-10-03T00:39:26Z',
/* author */ (''),
/* organization */ (''),
/* preprocessor_version */ 'ST-DEVELOPER v20',
/* originating_system */ 'ONSHAPE BY PTC INC, 1.221',
/* authorisation */ '  ');

FILE_SCHEMA (('AP242_MANAGED_MODEL_BASED_3D_ENGINEERING_MIM_LF { 1 0 10303 442 3 1 4 }'));
ENDSEC;

DATA;
#10=SHAPE_REPRESENTATION_RELATIONSHIP('','',#1649,#12);
#11=SHAPE_REPRESENTATION_RELATIONSHIP('','',#1650,#13);
#12=ADVANCED_BREP_SHAPE_REPRESENTATION('',(#1645),#3265);
#13=ADVANCED_BREP_SHAPE_REPRESENTATION('',(#1646),#3266);
#14=CYLINDRICAL_SURFACE('',#1662,0.00695257055304978);
#15=CYLINDRICAL_SURFACE('',#1663,0.00729638204535124);
#16=CYLINDRICAL_SURFACE('',#1708,0.012974163762856);
#17=B_SPLINE_SURFACE_WITH_KNOTS('',3,1,((#2662,#2663),(#2664,#2665),(#2666,
#2667),(#2668,#2669),(#2670,#2671),(#2672,#2673),(#2674,#2675),(#2676,#2677),
(#2678,#2679),(#2680,#2681),(#2682,#2683),(#2684,#2685),(#2686,#2687),(#2688,
#2689),(#2690,#2691),(#2692,#2693),(#2694,#2695),(#2696,#2697),(#2698,#2699),
(#2700,#2701),(#2702,#2703),(#2704,#2705),(#2706,#2707),(#2708,#2709),(#2710,
#2711),(#2712,#2713),(#2714,#2715),(#2716,#2717),(#2718,#2719),(#2720,#2721),
(#2722,#2723),(#2724,#2725),(#2726,#2727),(#2728,#2729),(#2730,#2731)),
 .SURF_OF_LINEAR_EXTRUSION.,.F.,.F.,.F.,(4,1,1,1,1,1,1,1,1,1,1,1,1,1,1,
1,1,1,1,1,1,1,1,1,1,1,1,1,1,1,1,1,4),(2,2),(0.,0.0235770952216892,0.0435091988188086,
0.0615397051572709,0.0883955047394419,0.118841308727183,0.148666186379405,
0.175752958580428,0.199457787069818,0.223799435803496,0.251672698123572,
0.282095775806019,0.316699682947774,0.33299222731192,0.365869008096502,
0.396683228137249,0.421442321229593,0.45349843113376,0.484561586628731,
0.521979141538078,0.55180542220476,0.582518956518122,0.615818451037138,
0.654057990766152,0.69009891834988,0.729982895618809,0.775943346999212,
0.808378019398506,0.84802579512529,0.87963833144877,0.901118995758834,0.913127184498537,
1.),(0.,1.),.UNSPECIFIED.);
#18=B_SPLINE_SURFACE_WITH_KNOTS('',3,1,((#2733,#2734),(#2735,#2736),(#2737,
#2738),(#2739,#2740),(#2741,#2742),(#2743,#2744),(#2745,#2746),(#2747,#2748),
(#2749,#2750),(#2751,#2752),(#2753,#2754)),.SURF_OF_LINEAR_EXTRUSION.,.F.,
 .F.,.F.,(4,1,1,1,1,1,1,1,4),(2,2),(0.,0.134234480048341,0.326577658970336,
0.467263928831633,0.584593521080372,0.673831175608187,0.775978972496206,
0.893065564273666,1.),(0.,1.),.UNSPECIFIED.);
#19=B_SPLINE_SURFACE_WITH_KNOTS('',3,1,((#2756,#2757),(#2758,#2759),(#2760,
#2761),(#2762,#2763),(#2764,#2765),(#2766,#2767),(#2768,#2769),(#2770,#2771),
(#2772,#2773),(#2774,#2775),(#2776,#2777),(#2778,#2779),(#2780,#2781),(#2782,
#2783),(#2784,#2785),(#2786,#2787),(#2788,#2789),(#2790,#2791),(#2792,#2793),
(#2794,#2795),(#2796,#2797),(#2798,#2799),(#2800,#2801),(#2802,#2803),(#2804,
#2805),(#2806,#2807),(#2808,#2809),(#2810,#2811),(#2812,#2813),(#2814,#2815),
(#2816,#2817),(#2818,#2819),(#2820,#2821),(#2822,#2823),(#2824,#2825),(#2826,
#2827),(#2828,#2829),(#2830,#2831),(#2832,#2833),(#2834,#2835),(#2836,#2837),
(#2838,#2839),(#2840,#2841),(#2842,#2843),(#2844,#2845),(#2846,#2847),(#2848,
#2849),(#2850,#2851)),.SURF_OF_LINEAR_EXTRUSION.,.F.,.F.,.F.,(4,1,1,1,1,
1,1,1,1,1,1,1,1,1,1,1,1,1,1,1,1,1,1,1,1,1,1,1,1,1,1,1,1,1,1,1,1,1,1,1,1,
1,1,1,1,4),(2,2),(0.,0.0193346146940881,0.0412927432101384,0.0556381498545236,
0.0764029672996973,0.102243523974674,0.123216577039438,0.142069949965399,
0.158632097673824,0.193195259756243,0.211184922727648,0.232503160536124,
0.255127219597628,0.272490782037245,0.286541606526627,0.310953019693749,
0.3302772879618,0.356570553277173,0.384220683956644,0.398611225781031,0.416374182611152,
0.441805441190633,0.469209484464187,0.485360392978547,0.503441231244296,
0.538506282803318,0.564074825545026,0.590411796546656,0.61460903771265,
0.636785235624368,0.654113589492393,0.678343808181034,0.696192161159681,
0.709813213155808,0.734263796708554,0.759436600315421,0.779174215908031,
0.802276740479475,0.812823354084206,0.84066463048247,0.866027257771744,
0.889438874360612,0.914398117766725,0.946900744597469,0.972488641325735,
1.),(0.,1.),.UNSPECIFIED.);
#20=B_SPLINE_SURFACE_WITH_KNOTS('',3,1,((#2853,#2854),(#2855,#2856),(#2857,
#2858),(#2859,#2860),(#2861,#2862),(#2863,#2864),(#2865,#2866),(#2867,#2868),
(#2869,#2870),(#2871,#2872),(#2873,#2874),(#2875,#2876),(#2877,#2878),(#2879,
#2880),(#2881,#2882),(#2883,#2884),(#2885,#2886),(#2887,#2888)),
 .SURF_OF_LINEAR_EXTRUSION.,.F.,.F.,.F.,(4,1,1,1,1,1,1,1,1,1,1,1,1,1,1,
4),(2,2),(0.,0.0638040313062295,0.112270344936521,0.176459177278265,0.242212321423024,
0.308552818538801,0.353941341866402,0.432576786295421,0.478371993527754,
0.548843204404588,0.62659404663912,0.686577840913558,0.747807488617723,
0.797494292554944,0.956846577674058,1.),(0.,1.),.UNSPECIFIED.);
#21=B_SPLINE_SURFACE_WITH_KNOTS('',3,1,((#2890,#2891),(#2892,#2893),(#2894,
#2895),(#2896,#2897),(#2898,#2899),(#2900,#2901),(#2902,#2903),(#2904,#2905),
(#2906,#2907),(#2908,#2909),(#2910,#2911),(#2912,#2913),(#2914,#2915),(#2916,
#2917),(#2918,#2919),(#2920,#2921),(#2922,#2923),(#2924,#2925),(#2926,#2927),
(#2928,#2929),(#2930,#2931),(#2932,#2933),(#2934,#2935),(#2936,#2937),(#2938,
#2939)),.SURF_OF_LINEAR_EXTRUSION.,.F.,.F.,.F.,(4,1,1,1,1,1,1,1,1,1,1,1,
1,1,1,1,1,1,1,1,1,1,4),(2,2),(0.,0.0537104483090373,0.0997991178497417,
0.148087100994782,0.188665199861221,0.222744346419574,0.266291801767453,
0.304242859651993,0.352121376864457,0.398532822540053,0.446287063979159,
0.486769937172617,0.529137759029275,0.568350320122407,0.602104425523778,
0.656971075740404,0.712633340395814,0.765193583327036,0.798420287576081,
0.838775477480331,0.884620638151561,0.942589306932063,1.),(0.,1.),
 .UNSPECIFIED.);
#22=B_SPLINE_SURFACE_WITH_KNOTS('',3,1,((#2942,#2943),(#2944,#2945),(#2946,
#2947),(#2948,#2949)),.SURF_OF_LINEAR_EXTRUSION.,.F.,.F.,.F.,(4,4),(2,2),
(0.,1.),(0.,1.),.PIECEWISE_BEZIER_KNOTS.);
#23=B_SPLINE_SURFACE_WITH_KNOTS('',3,1,((#2952,#2953),(#2954,#2955),(#2956,
#2957),(#2958,#2959)),.SURF_OF_LINEAR_EXTRUSION.,.F.,.F.,.F.,(4,4),(2,2),
(0.,1.),(0.,1.),.PIECEWISE_BEZIER_KNOTS.);
#24=B_SPLINE_SURFACE_WITH_KNOTS('',3,1,((#2961,#2962),(#2963,#2964),(#2965,
#2966),(#2967,#2968)),.SURF_OF_LINEAR_EXTRUSION.,.F.,.F.,.F.,(4,4),(2,2),
(0.,1.),(0.,1.),.PIECEWISE_BEZIER_KNOTS.);
#25=B_SPLINE_SURFACE_WITH_KNOTS('',3,1,((#2970,#2971),(#2972,#2973),(#2974,
#2975),(#2976,#2977)),.SURF_OF_LINEAR_EXTRUSION.,.F.,.F.,.F.,(4,4),(2,2),
(0.,1.),(0.,1.),.PIECEWISE_BEZIER_KNOTS.);
#26=B_SPLINE_SURFACE_WITH_KNOTS('',3,1,((#2979,#2980),(#2981,#2982),(#2983,
#2984),(#2985,#2986)),.SURF_OF_LINEAR_EXTRUSION.,.F.,.F.,.F.,(4,4),(2,2),
(0.,1.),(0.,1.),.PIECEWISE_BEZIER_KNOTS.);
#27=B_SPLINE_SURFACE_WITH_KNOTS('',3,1,((#2988,#2989),(#2990,#2991),(#2992,
#2993),(#2994,#2995)),.SURF_OF_LINEAR_EXTRUSION.,.F.,.F.,.F.,(4,4),(2,2),
(0.,1.),(0.,1.),.PIECEWISE_BEZIER_KNOTS.);
#28=B_SPLINE_SURFACE_WITH_KNOTS('',3,1,((#2997,#2998),(#2999,#3000),(#3001,
#3002),(#3003,#3004)),.SURF_OF_LINEAR_EXTRUSION.,.F.,.F.,.F.,(4,4),(2,2),
(0.,1.),(0.,1.),.PIECEWISE_BEZIER_KNOTS.);
#29=B_SPLINE_SURFACE_WITH_KNOTS('',3,1,((#3006,#3007),(#3008,#3009),(#3010,
#3011),(#3012,#3013)),.SURF_OF_LINEAR_EXTRUSION.,.F.,.F.,.F.,(4,4),(2,2),
(0.,1.),(0.,1.),.PIECEWISE_BEZIER_KNOTS.);
#30=B_SPLINE_SURFACE_WITH_KNOTS('',3,1,((#3015,#3016),(#3017,#3018),(#3019,
#3020),(#3021,#3022)),.SURF_OF_LINEAR_EXTRUSION.,.F.,.F.,.F.,(4,4),(2,2),
(0.,1.),(0.,1.),.PIECEWISE_BEZIER_KNOTS.);
#31=B_SPLINE_SURFACE_WITH_KNOTS('',3,1,((#3026,#3027),(#3028,#3029),(#3030,
#3031),(#3032,#3033)),.SURF_OF_LINEAR_EXTRUSION.,.F.,.F.,.F.,(4,4),(2,2),
(0.,1.),(0.,1.),.PIECEWISE_BEZIER_KNOTS.);
#32=B_SPLINE_SURFACE_WITH_KNOTS('',3,1,((#3035,#3036),(#3037,#3038),(#3039,
#3040),(#3041,#3042)),.SURF_OF_LINEAR_EXTRUSION.,.F.,.F.,.F.,(4,4),(2,2),
(0.,1.),(0.,1.),.PIECEWISE_BEZIER_KNOTS.);
#33=B_SPLINE_SURFACE_WITH_KNOTS('',3,1,((#3044,#3045),(#3046,#3047),(#3048,
#3049),(#3050,#3051)),.SURF_OF_LINEAR_EXTRUSION.,.F.,.F.,.F.,(4,4),(2,2),
(0.,1.),(0.,1.),.PIECEWISE_BEZIER_KNOTS.);
#34=B_SPLINE_SURFACE_WITH_KNOTS('',3,1,((#3053,#3054),(#3055,#3056),(#3057,
#3058),(#3059,#3060)),.SURF_OF_LINEAR_EXTRUSION.,.F.,.F.,.F.,(4,4),(2,2),
(0.,1.),(0.,1.),.PIECEWISE_BEZIER_KNOTS.);
#35=B_SPLINE_SURFACE_WITH_KNOTS('',3,1,((#3062,#3063),(#3064,#3065),(#3066,
#3067),(#3068,#3069)),.SURF_OF_LINEAR_EXTRUSION.,.F.,.F.,.F.,(4,4),(2,2),
(0.,1.),(0.,1.),.PIECEWISE_BEZIER_KNOTS.);
#36=B_SPLINE_SURFACE_WITH_KNOTS('',3,1,((#3071,#3072),(#3073,#3074),(#3075,
#3076),(#3077,#3078)),.SURF_OF_LINEAR_EXTRUSION.,.F.,.F.,.F.,(4,4),(2,2),
(0.,1.),(0.,1.),.PIECEWISE_BEZIER_KNOTS.);
#37=B_SPLINE_SURFACE_WITH_KNOTS('',3,1,((#3080,#3081),(#3082,#3083),(#3084,
#3085),(#3086,#3087)),.SURF_OF_LINEAR_EXTRUSION.,.F.,.F.,.F.,(4,4),(2,2),
(0.,1.),(0.,1.),.PIECEWISE_BEZIER_KNOTS.);
#38=B_SPLINE_SURFACE_WITH_KNOTS('',3,1,((#3089,#3090),(#3091,#3092),(#3093,
#3094),(#3095,#3096)),.SURF_OF_LINEAR_EXTRUSION.,.F.,.F.,.F.,(4,4),(2,2),
(0.,1.),(0.,1.),.PIECEWISE_BEZIER_KNOTS.);
#39=B_SPLINE_SURFACE_WITH_KNOTS('',3,1,((#3098,#3099),(#3100,#3101),(#3102,
#3103),(#3104,#3105)),.SURF_OF_LINEAR_EXTRUSION.,.F.,.F.,.F.,(4,4),(2,2),
(0.,1.),(0.,1.),.PIECEWISE_BEZIER_KNOTS.);
#40=B_SPLINE_SURFACE_WITH_KNOTS('',3,1,((#3107,#3108),(#3109,#3110),(#3111,
#3112),(#3113,#3114)),.SURF_OF_LINEAR_EXTRUSION.,.F.,.F.,.F.,(4,4),(2,2),
(0.,1.),(0.,1.),.PIECEWISE_BEZIER_KNOTS.);
#41=B_SPLINE_SURFACE_WITH_KNOTS('',3,1,((#3122,#3123),(#3124,#3125),(#3126,
#3127),(#3128,#3129)),.SURF_OF_LINEAR_EXTRUSION.,.F.,.F.,.F.,(4,4),(2,2),
(0.,1.),(0.,1.),.PIECEWISE_BEZIER_KNOTS.);
#42=B_SPLINE_SURFACE_WITH_KNOTS('',3,1,((#3131,#3132),(#3133,#3134),(#3135,
#3136),(#3137,#3138)),.SURF_OF_LINEAR_EXTRUSION.,.F.,.F.,.F.,(4,4),(2,2),
(0.,1.),(0.,1.),.PIECEWISE_BEZIER_KNOTS.);
#43=B_SPLINE_SURFACE_WITH_KNOTS('',3,1,((#3233,#3234),(#3235,#3236),(#3237,
#3238),(#3239,#3240)),.SURF_OF_LINEAR_EXTRUSION.,.F.,.F.,.F.,(4,4),(2,2),
(0.,1.),(0.,1.),.PIECEWISE_BEZIER_KNOTS.);
#44=CIRCLE('',#1653,0.00729638204535124);
#45=CIRCLE('',#1654,0.00695257055304978);
#46=CIRCLE('',#1656,0.00695257055304978);
#47=CIRCLE('',#1657,0.00729638204535124);
#48=CIRCLE('',#1707,0.012974163762856);
#49=CIRCLE('',#1709,0.012974163762856);
#50=LINE('',#2033,#224);
#51=LINE('',#2079,#225);
#52=LINE('',#2108,#226);
#53=LINE('',#2111,#227);
#54=LINE('',#2255,#228);
#55=LINE('',#2256,#229);
#56=LINE('',#2259,#230);
#57=LINE('',#2261,#231);
#58=LINE('',#2263,#232);
#59=LINE('',#2265,#233);
#60=LINE('',#2267,#234);
#61=LINE('',#2269,#235);
#62=LINE('',#2271,#236);
#63=LINE('',#2272,#237);
#64=LINE('',#2275,#238);
#65=LINE('',#2277,#239);
#66=LINE('',#2279,#240);
#67=LINE('',#2281,#241);
#68=LINE('',#2283,#242);
#69=LINE('',#2285,#243);
#70=LINE('',#2287,#244);
#71=LINE('',#2289,#245);
#72=LINE('',#2291,#246);
#73=LINE('',#2293,#247);
#74=LINE('',#2295,#248);
#75=LINE('',#2296,#249);
#76=LINE('',#2299,#250);
#77=LINE('',#2301,#251);
#78=LINE('',#2303,#252);
#79=LINE('',#2305,#253);
#80=LINE('',#2307,#254);
#81=LINE('',#2309,#255);
#82=LINE('',#2311,#256);
#83=LINE('',#2313,#257);
#84=LINE('',#2315,#258);
#85=LINE('',#2317,#259);
#86=LINE('',#2319,#260);
#87=LINE('',#2320,#261);
#88=LINE('',#2323,#262);
#89=LINE('',#2325,#263);
#90=LINE('',#2327,#264);
#91=LINE('',#2329,#265);
#92=LINE('',#2331,#266);
#93=LINE('',#2333,#267);
#94=LINE('',#2335,#268);
#95=LINE('',#2337,#269);
#96=LINE('',#2340,#270);
#97=LINE('',#2342,#271);
#98=LINE('',#2344,#272);
#99=LINE('',#2346,#273);
#100=LINE('',#2348,#274);
#101=LINE('',#2350,#275);
#102=LINE('',#2352,#276);
#103=LINE('',#2354,#277);
#104=LINE('',#2356,#278);
#105=LINE('',#2358,#279);
#106=LINE('',#2360,#280);
#107=LINE('',#2361,#281);
#108=LINE('',#2364,#282);
#109=LINE('',#2366,#283);
#110=LINE('',#2368,#284);
#111=LINE('',#2370,#285);
#112=LINE('',#2372,#286);
#113=LINE('',#2374,#287);
#114=LINE('',#2376,#288);
#115=LINE('',#2377,#289);
#116=LINE('',#2380,#290);
#117=LINE('',#2524,#291);
#118=LINE('',#2562,#292);
#119=LINE('',#2608,#293);
#120=LINE('',#2617,#294);
#121=LINE('',#2620,#295);
#122=LINE('',#2622,#296);
#123=LINE('',#2624,#297);
#124=LINE('',#2626,#298);
#125=LINE('',#2628,#299);
#126=LINE('',#2630,#300);
#127=LINE('',#2632,#301);
#128=LINE('',#2634,#302);
#129=LINE('',#2636,#303);
#130=LINE('',#2638,#304);
#131=LINE('',#2640,#305);
#132=LINE('',#2641,#306);
#133=LINE('',#2644,#307);
#134=LINE('',#2646,#308);
#135=LINE('',#2648,#309);
#136=LINE('',#2650,#310);
#137=LINE('',#2652,#311);
#138=LINE('',#2654,#312);
#139=LINE('',#2656,#313);
#140=LINE('',#2658,#314);
#141=LINE('',#2659,#315);
#142=LINE('',#2661,#316);
#143=LINE('',#2732,#317);
#144=LINE('',#2755,#318);
#145=LINE('',#2852,#319);
#146=LINE('',#2889,#320);
#147=LINE('',#2940,#321);
#148=LINE('',#2950,#322);
#149=LINE('',#2951,#323);
#150=LINE('',#2960,#324);
#151=LINE('',#2969,#325);
#152=LINE('',#2978,#326);
#153=LINE('',#2987,#327);
#154=LINE('',#2996,#328);
#155=LINE('',#3005,#329);
#156=LINE('',#3014,#330);
#157=LINE('',#3023,#331);
#158=LINE('',#3025,#332);
#159=LINE('',#3034,#333);
#160=LINE('',#3043,#334);
#161=LINE('',#3052,#335);
#162=LINE('',#3061,#336);
#163=LINE('',#3070,#337);
#164=LINE('',#3079,#338);
#165=LINE('',#3088,#339);
#166=LINE('',#3097,#340);
#167=LINE('',#3106,#341);
#168=LINE('',#3115,#342);
#169=LINE('',#3117,#343);
#170=LINE('',#3119,#344);
#171=LINE('',#3121,#345);
#172=LINE('',#3130,#346);
#173=LINE('',#3140,#347);
#174=LINE('',#3141,#348);
#175=LINE('',#3143,#349);
#176=LINE('',#3145,#350);
#177=LINE('',#3147,#351);
#178=LINE('',#3149,#352);
#179=LINE('',#3151,#353);
#180=LINE('',#3153,#354);
#181=LINE('',#3156,#355);
#182=LINE('',#3157,#356);
#183=LINE('',#3159,#357);
#184=LINE('',#3161,#358);
#185=LINE('',#3163,#359);
#186=LINE('',#3165,#360);
#187=LINE('',#3167,#361);
#188=LINE('',#3169,#362);
#189=LINE('',#3171,#363);
#190=LINE('',#3173,#364);
#191=LINE('',#3175,#365);
#192=LINE('',#3177,#366);
#193=LINE('',#3180,#367);
#194=LINE('',#3181,#368);
#195=LINE('',#3183,#369);
#196=LINE('',#3185,#370);
#197=LINE('',#3187,#371);
#198=LINE('',#3189,#372);
#199=LINE('',#3191,#373);
#200=LINE('',#3193,#374);
#201=LINE('',#3195,#375);
#202=LINE('',#3197,#376);
#203=LINE('',#3199,#377);
#204=LINE('',#3201,#378);
#205=LINE('',#3204,#379);
#206=LINE('',#3205,#380);
#207=LINE('',#3207,#381);
#208=LINE('',#3209,#382);
#209=LINE('',#3211,#383);
#210=LINE('',#3213,#384);
#211=LINE('',#3215,#385);
#212=LINE('',#3217,#386);
#213=LINE('',#3221,#387);
#214=LINE('',#3224,#388);
#215=LINE('',#3226,#389);
#216=LINE('',#3246,#390);
#217=LINE('',#3247,#391);
#218=LINE('',#3251,#392);
#219=LINE('',#3253,#393);
#220=LINE('',#3255,#394);
#221=LINE('',#3257,#395);
#222=LINE('',#3259,#396);
#223=LINE('',#3261,#397);
#224=VECTOR('',#1718,1.);
#225=VECTOR('',#1723,1.);
#226=VECTOR('',#1724,1.);
#227=VECTOR('',#1725,1.);
#228=VECTOR('',#1726,1.);
#229=VECTOR('',#1727,1.);
#230=VECTOR('',#1728,1.);
#231=VECTOR('',#1729,1.);
#232=VECTOR('',#1730,1.);
#233=VECTOR('',#1731,1.);
#234=VECTOR('',#1732,1.);
#235=VECTOR('',#1733,1.);
#236=VECTOR('',#1734,1.);
#237=VECTOR('',#1735,1.);
#238=VECTOR('',#1736,1.);
#239=VECTOR('',#1737,1.);
#240=VECTOR('',#1738,1.);
#241=VECTOR('',#1739,1.);
#242=VECTOR('',#1740,1.);
#243=VECTOR('',#1741,1.);
#244=VECTOR('',#1742,1.);
#245=VECTOR('',#1743,1.);
#246=VECTOR('',#1744,1.);
#247=VECTOR('',#1745,1.);
#248=VECTOR('',#1746,1.);
#249=VECTOR('',#1747,1.);
#250=VECTOR('',#1748,1.);
#251=VECTOR('',#1749,1.);
#252=VECTOR('',#1750,1.);
#253=VECTOR('',#1751,1.);
#254=VECTOR('',#1752,1.);
#255=VECTOR('',#1753,1.);
#256=VECTOR('',#1754,1.);
#257=VECTOR('',#1755,1.);
#258=VECTOR('',#1756,1.);
#259=VECTOR('',#1757,1.);
#260=VECTOR('',#1758,1.);
#261=VECTOR('',#1759,1.);
#262=VECTOR('',#1760,1.);
#263=VECTOR('',#1761,1.);
#264=VECTOR('',#1762,1.);
#265=VECTOR('',#1763,1.);
#266=VECTOR('',#1764,1.);
#267=VECTOR('',#1765,1.);
#268=VECTOR('',#1766,1.);
#269=VECTOR('',#1769,1.);
#270=VECTOR('',#1770,1.);
#271=VECTOR('',#1771,1.);
#272=VECTOR('',#1772,1.);
#273=VECTOR('',#1773,1.);
#274=VECTOR('',#1774,1.);
#275=VECTOR('',#1775,1.);
#276=VECTOR('',#1776,1.);
#277=VECTOR('',#1777,1.);
#278=VECTOR('',#1778,1.);
#279=VECTOR('',#1779,1.);
#280=VECTOR('',#1780,1.);
#281=VECTOR('',#1781,1.);
#282=VECTOR('',#1782,1.);
#283=VECTOR('',#1783,1.);
#284=VECTOR('',#1784,1.);
#285=VECTOR('',#1785,1.);
#286=VECTOR('',#1786,1.);
#287=VECTOR('',#1787,1.);
#288=VECTOR('',#1788,1.);
#289=VECTOR('',#1789,1.);
#290=VECTOR('',#1790,1.);
#291=VECTOR('',#1791,1.);
#292=VECTOR('',#1792,1.);
#293=VECTOR('',#1797,1.);
#294=VECTOR('',#1798,1.);
#295=VECTOR('',#1799,1.);
#296=VECTOR('',#1800,1.);
#297=VECTOR('',#1801,1.);
#298=VECTOR('',#1802,1.);
#299=VECTOR('',#1803,1.);
#300=VECTOR('',#1804,1.);
#301=VECTOR('',#1805,1.);
#302=VECTOR('',#1806,1.);
#303=VECTOR('',#1807,1.);
#304=VECTOR('',#1808,1.);
#305=VECTOR('',#1809,1.);
#306=VECTOR('',#1810,1.);
#307=VECTOR('',#1811,1.);
#308=VECTOR('',#1812,1.);
#309=VECTOR('',#1813,1.);
#310=VECTOR('',#1814,1.);
#311=VECTOR('',#1815,1.);
#312=VECTOR('',#1816,1.);
#313=VECTOR('',#1817,1.);
#314=VECTOR('',#1820,1.);
#315=VECTOR('',#1821,1.);
#316=VECTOR('',#1824,1.);
#317=VECTOR('',#1825,1.);
#318=VECTOR('',#1826,1.);
#319=VECTOR('',#1827,1.);
#320=VECTOR('',#1828,1.);
#321=VECTOR('',#1829,1.);
#322=VECTOR('',#1832,1.);
#323=VECTOR('',#1833,1.);
#324=VECTOR('',#1834,1.);
#325=VECTOR('',#1835,1.);
#326=VECTOR('',#1836,1.);
#327=VECTOR('',#1837,1.);
#328=VECTOR('',#1838,1.);
#329=VECTOR('',#1839,1.);
#330=VECTOR('',#1840,1.);
#331=VECTOR('',#1841,1.);
#332=VECTOR('',#1844,1.);
#333=VECTOR('',#1845,1.);
#334=VECTOR('',#1846,1.);
#335=VECTOR('',#1847,1.);
#336=VECTOR('',#1848,1.);
#337=VECTOR('',#1849,1.);
#338=VECTOR('',#1850,1.);
#339=VECTOR('',#1851,1.);
#340=VECTOR('',#1852,1.);
#341=VECTOR('',#1853,1.);
#342=VECTOR('',#1854,1.);
#343=VECTOR('',#1857,1.);
#344=VECTOR('',#1860,1.);
#345=VECTOR('',#1863,1.);
#346=VECTOR('',#1864,1.);
#347=VECTOR('',#1867,1.);
#348=VECTOR('',#1868,1.);
#349=VECTOR('',#1871,1.);
#350=VECTOR('',#1874,1.);
#351=VECTOR('',#1877,1.);
#352=VECTOR('',#1880,1.);
#353=VECTOR('',#1883,1.);
#354=VECTOR('',#1886,1.);
#355=VECTOR('',#1891,1.);
#356=VECTOR('',#1892,1.);
#357=VECTOR('',#1895,1.);
#358=VECTOR('',#1898,1.);
#359=VECTOR('',#1901,1.);
#360=VECTOR('',#1904,1.);
#361=VECTOR('',#1907,1.);
#362=VECTOR('',#1910,1.);
#363=VECTOR('',#1913,1.);
#364=VECTOR('',#1916,1.);
#365=VECTOR('',#1919,1.);
#366=VECTOR('',#1922,1.);
#367=VECTOR('',#1927,1.);
#368=VECTOR('',#1928,1.);
#369=VECTOR('',#1931,1.);
#370=VECTOR('',#1934,1.);
#371=VECTOR('',#1937,1.);
#372=VECTOR('',#1940,1.);
#373=VECTOR('',#1943,1.);
#374=VECTOR('',#1946,1.);
#375=VECTOR('',#1949,1.);
#376=VECTOR('',#1952,1.);
#377=VECTOR('',#1955,1.);
#378=VECTOR('',#1958,1.);
#379=VECTOR('',#1963,1.);
#380=VECTOR('',#1964,1.);
#381=VECTOR('',#1967,1.);
#382=VECTOR('',#1970,1.);
#383=VECTOR('',#1973,1.);
#384=VECTOR('',#1976,1.);
#385=VECTOR('',#1979,1.);
#386=VECTOR('',#1982,1.);
#387=VECTOR('',#1989,1.);
#388=VECTOR('',#1990,1.);
#389=VECTOR('',#1991,1.);
#390=VECTOR('',#1994,1.);
#391=VECTOR('',#1995,1.);
#392=VECTOR('',#2000,1.);
#393=VECTOR('',#2003,1.);
#394=VECTOR('',#2004,1.);
#395=VECTOR('',#2007,1.);
#396=VECTOR('',#2008,1.);
#397=VECTOR('',#2011,1.);
#398=ORIENTED_EDGE('',*,*,#866,.T.);
#399=ORIENTED_EDGE('',*,*,#867,.T.);
#400=ORIENTED_EDGE('',*,*,#868,.T.);
#401=ORIENTED_EDGE('',*,*,#869,.T.);
#402=ORIENTED_EDGE('',*,*,#870,.T.);
#403=ORIENTED_EDGE('',*,*,#871,.T.);
#404=ORIENTED_EDGE('',*,*,#872,.T.);
#405=ORIENTED_EDGE('',*,*,#873,.T.);
#406=ORIENTED_EDGE('',*,*,#874,.T.);
#407=ORIENTED_EDGE('',*,*,#875,.T.);
#408=ORIENTED_EDGE('',*,*,#876,.T.);
#409=ORIENTED_EDGE('',*,*,#877,.T.);
#410=ORIENTED_EDGE('',*,*,#878,.T.);
#411=ORIENTED_EDGE('',*,*,#879,.T.);
#412=ORIENTED_EDGE('',*,*,#880,.T.);
#413=ORIENTED_EDGE('',*,*,#881,.T.);
#414=ORIENTED_EDGE('',*,*,#882,.T.);
#415=ORIENTED_EDGE('',*,*,#883,.T.);
#416=ORIENTED_EDGE('',*,*,#884,.T.);
#417=ORIENTED_EDGE('',*,*,#885,.T.);
#418=ORIENTED_EDGE('',*,*,#886,.T.);
#419=ORIENTED_EDGE('',*,*,#887,.T.);
#420=ORIENTED_EDGE('',*,*,#888,.T.);
#421=ORIENTED_EDGE('',*,*,#889,.T.);
#422=ORIENTED_EDGE('',*,*,#890,.T.);
#423=ORIENTED_EDGE('',*,*,#891,.F.);
#424=ORIENTED_EDGE('',*,*,#892,.T.);
#425=ORIENTED_EDGE('',*,*,#893,.F.);
#426=ORIENTED_EDGE('',*,*,#894,.F.);
#427=ORIENTED_EDGE('',*,*,#895,.F.);
#428=ORIENTED_EDGE('',*,*,#896,.F.);
#429=ORIENTED_EDGE('',*,*,#897,.F.);
#430=ORIENTED_EDGE('',*,*,#898,.F.);
#431=ORIENTED_EDGE('',*,*,#899,.T.);
#432=ORIENTED_EDGE('',*,*,#900,.T.);
#433=ORIENTED_EDGE('',*,*,#901,.T.);
#434=ORIENTED_EDGE('',*,*,#902,.T.);
#435=ORIENTED_EDGE('',*,*,#903,.T.);
#436=ORIENTED_EDGE('',*,*,#904,.T.);
#437=ORIENTED_EDGE('',*,*,#905,.T.);
#438=ORIENTED_EDGE('',*,*,#906,.T.);
#439=ORIENTED_EDGE('',*,*,#907,.T.);
#440=ORIENTED_EDGE('',*,*,#908,.T.);
#441=ORIENTED_EDGE('',*,*,#909,.T.);
#442=ORIENTED_EDGE('',*,*,#910,.T.);
#443=ORIENTED_EDGE('',*,*,#911,.T.);
#444=ORIENTED_EDGE('',*,*,#912,.T.);
#445=ORIENTED_EDGE('',*,*,#913,.T.);
#446=ORIENTED_EDGE('',*,*,#914,.T.);
#447=ORIENTED_EDGE('',*,*,#915,.T.);
#448=ORIENTED_EDGE('',*,*,#916,.T.);
#449=ORIENTED_EDGE('',*,*,#917,.T.);
#450=ORIENTED_EDGE('',*,*,#918,.T.);
#451=ORIENTED_EDGE('',*,*,#919,.T.);
#452=ORIENTED_EDGE('',*,*,#920,.T.);
#453=ORIENTED_EDGE('',*,*,#921,.T.);
#454=ORIENTED_EDGE('',*,*,#922,.T.);
#455=ORIENTED_EDGE('',*,*,#923,.T.);
#456=ORIENTED_EDGE('',*,*,#924,.T.);
#457=ORIENTED_EDGE('',*,*,#925,.T.);
#458=ORIENTED_EDGE('',*,*,#926,.T.);
#459=ORIENTED_EDGE('',*,*,#927,.T.);
#460=ORIENTED_EDGE('',*,*,#928,.T.);
#461=ORIENTED_EDGE('',*,*,#929,.T.);
#462=ORIENTED_EDGE('',*,*,#930,.T.);
#463=ORIENTED_EDGE('',*,*,#931,.T.);
#464=ORIENTED_EDGE('',*,*,#932,.T.);
#465=ORIENTED_EDGE('',*,*,#933,.T.);
#466=ORIENTED_EDGE('',*,*,#934,.T.);
#467=ORIENTED_EDGE('',*,*,#935,.T.);
#468=ORIENTED_EDGE('',*,*,#936,.T.);
#469=ORIENTED_EDGE('',*,*,#937,.T.);
#470=ORIENTED_EDGE('',*,*,#938,.T.);
#471=ORIENTED_EDGE('',*,*,#939,.F.);
#472=ORIENTED_EDGE('',*,*,#940,.F.);
#473=ORIENTED_EDGE('',*,*,#941,.F.);
#474=ORIENTED_EDGE('',*,*,#942,.F.);
#475=ORIENTED_EDGE('',*,*,#943,.F.);
#476=ORIENTED_EDGE('',*,*,#944,.F.);
#477=ORIENTED_EDGE('',*,*,#945,.F.);
#478=ORIENTED_EDGE('',*,*,#946,.F.);
#479=ORIENTED_EDGE('',*,*,#947,.F.);
#480=ORIENTED_EDGE('',*,*,#948,.F.);
#481=ORIENTED_EDGE('',*,*,#949,.F.);
#482=ORIENTED_EDGE('',*,*,#950,.F.);
#483=ORIENTED_EDGE('',*,*,#951,.F.);
#484=ORIENTED_EDGE('',*,*,#952,.F.);
#485=ORIENTED_EDGE('',*,*,#953,.F.);
#486=ORIENTED_EDGE('',*,*,#954,.F.);
#487=ORIENTED_EDGE('',*,*,#955,.F.);
#488=ORIENTED_EDGE('',*,*,#956,.F.);
#489=ORIENTED_EDGE('',*,*,#957,.F.);
#490=ORIENTED_EDGE('',*,*,#958,.F.);
#491=ORIENTED_EDGE('',*,*,#959,.T.);
#492=ORIENTED_EDGE('',*,*,#960,.T.);
#493=ORIENTED_EDGE('',*,*,#961,.T.);
#494=ORIENTED_EDGE('',*,*,#962,.T.);
#495=ORIENTED_EDGE('',*,*,#963,.T.);
#496=ORIENTED_EDGE('',*,*,#964,.T.);
#497=ORIENTED_EDGE('',*,*,#965,.T.);
#498=ORIENTED_EDGE('',*,*,#966,.F.);
#499=ORIENTED_EDGE('',*,*,#967,.F.);
#500=ORIENTED_EDGE('',*,*,#968,.F.);
#501=ORIENTED_EDGE('',*,*,#969,.F.);
#502=ORIENTED_EDGE('',*,*,#970,.F.);
#503=ORIENTED_EDGE('',*,*,#971,.F.);
#504=ORIENTED_EDGE('',*,*,#972,.F.);
#505=ORIENTED_EDGE('',*,*,#973,.F.);
#506=ORIENTED_EDGE('',*,*,#974,.F.);
#507=ORIENTED_EDGE('',*,*,#975,.F.);
#508=ORIENTED_EDGE('',*,*,#976,.F.);
#509=ORIENTED_EDGE('',*,*,#977,.F.);
#510=ORIENTED_EDGE('',*,*,#978,.F.);
#511=ORIENTED_EDGE('',*,*,#979,.F.);
#512=ORIENTED_EDGE('',*,*,#980,.F.);
#513=ORIENTED_EDGE('',*,*,#981,.F.);
#514=ORIENTED_EDGE('',*,*,#982,.F.);
#515=ORIENTED_EDGE('',*,*,#983,.F.);
#516=ORIENTED_EDGE('',*,*,#984,.F.);
#517=ORIENTED_EDGE('',*,*,#985,.F.);
#518=ORIENTED_EDGE('',*,*,#986,.F.);
#519=ORIENTED_EDGE('',*,*,#987,.F.);
#520=ORIENTED_EDGE('',*,*,#988,.F.);
#521=ORIENTED_EDGE('',*,*,#989,.F.);
#522=ORIENTED_EDGE('',*,*,#990,.F.);
#523=ORIENTED_EDGE('',*,*,#991,.F.);
#524=ORIENTED_EDGE('',*,*,#992,.F.);
#525=ORIENTED_EDGE('',*,*,#993,.F.);
#526=ORIENTED_EDGE('',*,*,#994,.F.);
#527=ORIENTED_EDGE('',*,*,#995,.F.);
#528=ORIENTED_EDGE('',*,*,#996,.F.);
#529=ORIENTED_EDGE('',*,*,#997,.F.);
#530=ORIENTED_EDGE('',*,*,#998,.F.);
#531=ORIENTED_EDGE('',*,*,#999,.F.);
#532=ORIENTED_EDGE('',*,*,#1000,.F.);
#533=ORIENTED_EDGE('',*,*,#1001,.F.);
#534=ORIENTED_EDGE('',*,*,#1002,.F.);
#535=ORIENTED_EDGE('',*,*,#1003,.F.);
#536=ORIENTED_EDGE('',*,*,#1004,.F.);
#537=ORIENTED_EDGE('',*,*,#1005,.F.);
#538=ORIENTED_EDGE('',*,*,#1006,.F.);
#539=ORIENTED_EDGE('',*,*,#1007,.F.);
#540=ORIENTED_EDGE('',*,*,#1008,.F.);
#541=ORIENTED_EDGE('',*,*,#1009,.F.);
#542=ORIENTED_EDGE('',*,*,#1010,.F.);
#543=ORIENTED_EDGE('',*,*,#1011,.F.);
#544=ORIENTED_EDGE('',*,*,#959,.F.);
#545=ORIENTED_EDGE('',*,*,#1012,.F.);
#546=ORIENTED_EDGE('',*,*,#891,.T.);
#547=ORIENTED_EDGE('',*,*,#1013,.T.);
#548=ORIENTED_EDGE('',*,*,#966,.T.);
#549=ORIENTED_EDGE('',*,*,#1014,.F.);
#550=ORIENTED_EDGE('',*,*,#892,.F.);
#551=ORIENTED_EDGE('',*,*,#1012,.T.);
#552=ORIENTED_EDGE('',*,*,#965,.F.);
#553=ORIENTED_EDGE('',*,*,#1015,.F.);
#554=ORIENTED_EDGE('',*,*,#893,.T.);
#555=ORIENTED_EDGE('',*,*,#1014,.T.);
#556=ORIENTED_EDGE('',*,*,#964,.F.);
#557=ORIENTED_EDGE('',*,*,#1016,.F.);
#558=ORIENTED_EDGE('',*,*,#894,.T.);
#559=ORIENTED_EDGE('',*,*,#1015,.T.);
#560=ORIENTED_EDGE('',*,*,#963,.F.);
#561=ORIENTED_EDGE('',*,*,#1017,.F.);
#562=ORIENTED_EDGE('',*,*,#895,.T.);
#563=ORIENTED_EDGE('',*,*,#1016,.T.);
#564=ORIENTED_EDGE('',*,*,#962,.F.);
#565=ORIENTED_EDGE('',*,*,#1018,.F.);
#566=ORIENTED_EDGE('',*,*,#896,.T.);
#567=ORIENTED_EDGE('',*,*,#1017,.T.);
#568=ORIENTED_EDGE('',*,*,#961,.F.);
#569=ORIENTED_EDGE('',*,*,#1019,.F.);
#570=ORIENTED_EDGE('',*,*,#897,.T.);
#571=ORIENTED_EDGE('',*,*,#1018,.T.);
#572=ORIENTED_EDGE('',*,*,#960,.F.);
#573=ORIENTED_EDGE('',*,*,#1013,.F.);
#574=ORIENTED_EDGE('',*,*,#898,.T.);
#575=ORIENTED_EDGE('',*,*,#1019,.T.);
#576=ORIENTED_EDGE('',*,*,#867,.F.);
#577=ORIENTED_EDGE('',*,*,#1020,.F.);
#578=ORIENTED_EDGE('',*,*,#967,.T.);
#579=ORIENTED_EDGE('',*,*,#1021,.T.);
#580=ORIENTED_EDGE('',*,*,#866,.F.);
#581=ORIENTED_EDGE('',*,*,#1022,.F.);
#582=ORIENTED_EDGE('',*,*,#968,.T.);
#583=ORIENTED_EDGE('',*,*,#1020,.T.);
#584=ORIENTED_EDGE('',*,*,#890,.F.);
#585=ORIENTED_EDGE('',*,*,#1023,.F.);
#586=ORIENTED_EDGE('',*,*,#969,.T.);
#587=ORIENTED_EDGE('',*,*,#1022,.T.);
#588=ORIENTED_EDGE('',*,*,#889,.F.);
#589=ORIENTED_EDGE('',*,*,#1024,.F.);
#590=ORIENTED_EDGE('',*,*,#970,.T.);
#591=ORIENTED_EDGE('',*,*,#1023,.T.);
#592=ORIENTED_EDGE('',*,*,#888,.F.);
#593=ORIENTED_EDGE('',*,*,#1025,.F.);
#594=ORIENTED_EDGE('',*,*,#971,.T.);
#595=ORIENTED_EDGE('',*,*,#1024,.T.);
#596=ORIENTED_EDGE('',*,*,#887,.F.);
#597=ORIENTED_EDGE('',*,*,#1026,.F.);
#598=ORIENTED_EDGE('',*,*,#972,.T.);
#599=ORIENTED_EDGE('',*,*,#1025,.T.);
#600=ORIENTED_EDGE('',*,*,#886,.F.);
#601=ORIENTED_EDGE('',*,*,#1027,.F.);
#602=ORIENTED_EDGE('',*,*,#973,.T.);
#603=ORIENTED_EDGE('',*,*,#1026,.T.);
#604=ORIENTED_EDGE('',*,*,#885,.F.);
#605=ORIENTED_EDGE('',*,*,#1028,.F.);
#606=ORIENTED_EDGE('',*,*,#974,.T.);
#607=ORIENTED_EDGE('',*,*,#1027,.T.);
#608=ORIENTED_EDGE('',*,*,#884,.F.);
#609=ORIENTED_EDGE('',*,*,#1029,.F.);
#610=ORIENTED_EDGE('',*,*,#975,.T.);
#611=ORIENTED_EDGE('',*,*,#1028,.T.);
#612=ORIENTED_EDGE('',*,*,#883,.F.);
#613=ORIENTED_EDGE('',*,*,#1030,.F.);
#614=ORIENTED_EDGE('',*,*,#976,.T.);
#615=ORIENTED_EDGE('',*,*,#1029,.T.);
#616=ORIENTED_EDGE('',*,*,#882,.F.);
#617=ORIENTED_EDGE('',*,*,#1031,.F.);
#618=ORIENTED_EDGE('',*,*,#977,.T.);
#619=ORIENTED_EDGE('',*,*,#1030,.T.);
#620=ORIENTED_EDGE('',*,*,#881,.F.);
#621=ORIENTED_EDGE('',*,*,#1032,.F.);
#622=ORIENTED_EDGE('',*,*,#978,.T.);
#623=ORIENTED_EDGE('',*,*,#1031,.T.);
#624=ORIENTED_EDGE('',*,*,#880,.F.);
#625=ORIENTED_EDGE('',*,*,#1033,.F.);
#626=ORIENTED_EDGE('',*,*,#979,.T.);
#627=ORIENTED_EDGE('',*,*,#1032,.T.);
#628=ORIENTED_EDGE('',*,*,#879,.F.);
#629=ORIENTED_EDGE('',*,*,#1034,.F.);
#630=ORIENTED_EDGE('',*,*,#980,.T.);
#631=ORIENTED_EDGE('',*,*,#1033,.T.);
#632=ORIENTED_EDGE('',*,*,#878,.F.);
#633=ORIENTED_EDGE('',*,*,#1035,.F.);
#634=ORIENTED_EDGE('',*,*,#981,.T.);
#635=ORIENTED_EDGE('',*,*,#1034,.T.);
#636=ORIENTED_EDGE('',*,*,#877,.F.);
#637=ORIENTED_EDGE('',*,*,#1036,.F.);
#638=ORIENTED_EDGE('',*,*,#982,.T.);
#639=ORIENTED_EDGE('',*,*,#1035,.T.);
#640=ORIENTED_EDGE('',*,*,#876,.F.);
#641=ORIENTED_EDGE('',*,*,#1037,.F.);
#642=ORIENTED_EDGE('',*,*,#983,.T.);
#643=ORIENTED_EDGE('',*,*,#1036,.T.);
#644=ORIENTED_EDGE('',*,*,#875,.F.);
#645=ORIENTED_EDGE('',*,*,#1038,.F.);
#646=ORIENTED_EDGE('',*,*,#984,.T.);
#647=ORIENTED_EDGE('',*,*,#1037,.T.);
#648=ORIENTED_EDGE('',*,*,#874,.F.);
#649=ORIENTED_EDGE('',*,*,#1039,.F.);
#650=ORIENTED_EDGE('',*,*,#985,.T.);
#651=ORIENTED_EDGE('',*,*,#1038,.T.);
#652=ORIENTED_EDGE('',*,*,#873,.F.);
#653=ORIENTED_EDGE('',*,*,#1040,.F.);
#654=ORIENTED_EDGE('',*,*,#986,.T.);
#655=ORIENTED_EDGE('',*,*,#1039,.T.);
#656=ORIENTED_EDGE('',*,*,#872,.F.);
#657=ORIENTED_EDGE('',*,*,#1041,.F.);
#658=ORIENTED_EDGE('',*,*,#987,.T.);
#659=ORIENTED_EDGE('',*,*,#1040,.T.);
#660=ORIENTED_EDGE('',*,*,#871,.F.);
#661=ORIENTED_EDGE('',*,*,#1042,.F.);
#662=ORIENTED_EDGE('',*,*,#988,.T.);
#663=ORIENTED_EDGE('',*,*,#1041,.T.);
#664=ORIENTED_EDGE('',*,*,#870,.F.);
#665=ORIENTED_EDGE('',*,*,#1043,.F.);
#666=ORIENTED_EDGE('',*,*,#989,.T.);
#667=ORIENTED_EDGE('',*,*,#1042,.T.);
#668=ORIENTED_EDGE('',*,*,#869,.F.);
#669=ORIENTED_EDGE('',*,*,#1044,.F.);
#670=ORIENTED_EDGE('',*,*,#990,.T.);
#671=ORIENTED_EDGE('',*,*,#1043,.T.);
#672=ORIENTED_EDGE('',*,*,#868,.F.);
#673=ORIENTED_EDGE('',*,*,#1021,.F.);
#674=ORIENTED_EDGE('',*,*,#991,.T.);
#675=ORIENTED_EDGE('',*,*,#1044,.T.);
#676=ORIENTED_EDGE('',*,*,#900,.F.);
#677=ORIENTED_EDGE('',*,*,#1045,.F.);
#678=ORIENTED_EDGE('',*,*,#951,.T.);
#679=ORIENTED_EDGE('',*,*,#1046,.T.);
#680=ORIENTED_EDGE('',*,*,#899,.F.);
#681=ORIENTED_EDGE('',*,*,#1047,.F.);
#682=ORIENTED_EDGE('',*,*,#952,.T.);
#683=ORIENTED_EDGE('',*,*,#1045,.T.);
#684=ORIENTED_EDGE('',*,*,#906,.F.);
#685=ORIENTED_EDGE('',*,*,#1048,.F.);
#686=ORIENTED_EDGE('',*,*,#953,.T.);
#687=ORIENTED_EDGE('',*,*,#1047,.T.);
#688=ORIENTED_EDGE('',*,*,#905,.F.);
#689=ORIENTED_EDGE('',*,*,#1049,.F.);
#690=ORIENTED_EDGE('',*,*,#954,.T.);
#691=ORIENTED_EDGE('',*,*,#1048,.T.);
#692=ORIENTED_EDGE('',*,*,#904,.F.);
#693=ORIENTED_EDGE('',*,*,#1050,.F.);
#694=ORIENTED_EDGE('',*,*,#955,.T.);
#695=ORIENTED_EDGE('',*,*,#1049,.T.);
#696=ORIENTED_EDGE('',*,*,#903,.F.);
#697=ORIENTED_EDGE('',*,*,#1051,.F.);
#698=ORIENTED_EDGE('',*,*,#956,.T.);
#699=ORIENTED_EDGE('',*,*,#1050,.T.);
#700=ORIENTED_EDGE('',*,*,#902,.F.);
#701=ORIENTED_EDGE('',*,*,#1052,.F.);
#702=ORIENTED_EDGE('',*,*,#957,.T.);
#703=ORIENTED_EDGE('',*,*,#1051,.T.);
#704=ORIENTED_EDGE('',*,*,#901,.F.);
#705=ORIENTED_EDGE('',*,*,#1046,.F.);
#706=ORIENTED_EDGE('',*,*,#958,.T.);
#707=ORIENTED_EDGE('',*,*,#1052,.T.);
#708=ORIENTED_EDGE('',*,*,#908,.F.);
#709=ORIENTED_EDGE('',*,*,#1053,.F.);
#710=ORIENTED_EDGE('',*,*,#992,.T.);
#711=ORIENTED_EDGE('',*,*,#1054,.T.);
#712=ORIENTED_EDGE('',*,*,#907,.F.);
#713=ORIENTED_EDGE('',*,*,#1055,.F.);
#714=ORIENTED_EDGE('',*,*,#993,.T.);
#715=ORIENTED_EDGE('',*,*,#1053,.T.);
#716=ORIENTED_EDGE('',*,*,#918,.F.);
#717=ORIENTED_EDGE('',*,*,#1056,.F.);
#718=ORIENTED_EDGE('',*,*,#994,.T.);
#719=ORIENTED_EDGE('',*,*,#1055,.T.);
#720=ORIENTED_EDGE('',*,*,#917,.F.);
#721=ORIENTED_EDGE('',*,*,#1057,.F.);
#722=ORIENTED_EDGE('',*,*,#995,.T.);
#723=ORIENTED_EDGE('',*,*,#1056,.T.);
#724=ORIENTED_EDGE('',*,*,#916,.F.);
#725=ORIENTED_EDGE('',*,*,#1058,.F.);
#726=ORIENTED_EDGE('',*,*,#996,.T.);
#727=ORIENTED_EDGE('',*,*,#1057,.T.);
#728=ORIENTED_EDGE('',*,*,#915,.F.);
#729=ORIENTED_EDGE('',*,*,#1059,.F.);
#730=ORIENTED_EDGE('',*,*,#997,.T.);
#731=ORIENTED_EDGE('',*,*,#1058,.T.);
#732=ORIENTED_EDGE('',*,*,#914,.F.);
#733=ORIENTED_EDGE('',*,*,#1060,.F.);
#734=ORIENTED_EDGE('',*,*,#998,.T.);
#735=ORIENTED_EDGE('',*,*,#1059,.T.);
#736=ORIENTED_EDGE('',*,*,#913,.F.);
#737=ORIENTED_EDGE('',*,*,#1061,.F.);
#738=ORIENTED_EDGE('',*,*,#999,.T.);
#739=ORIENTED_EDGE('',*,*,#1060,.T.);
#740=ORIENTED_EDGE('',*,*,#912,.F.);
#741=ORIENTED_EDGE('',*,*,#1062,.F.);
#742=ORIENTED_EDGE('',*,*,#1000,.T.);
#743=ORIENTED_EDGE('',*,*,#1061,.T.);
#744=ORIENTED_EDGE('',*,*,#911,.F.);
#745=ORIENTED_EDGE('',*,*,#1063,.F.);
#746=ORIENTED_EDGE('',*,*,#1001,.T.);
#747=ORIENTED_EDGE('',*,*,#1062,.T.);
#748=ORIENTED_EDGE('',*,*,#910,.F.);
#749=ORIENTED_EDGE('',*,*,#1064,.F.);
#750=ORIENTED_EDGE('',*,*,#1002,.T.);
#751=ORIENTED_EDGE('',*,*,#1063,.T.);
#752=ORIENTED_EDGE('',*,*,#909,.F.);
#753=ORIENTED_EDGE('',*,*,#1054,.F.);
#754=ORIENTED_EDGE('',*,*,#1003,.T.);
#755=ORIENTED_EDGE('',*,*,#1064,.T.);
#756=ORIENTED_EDGE('',*,*,#920,.F.);
#757=ORIENTED_EDGE('',*,*,#1065,.F.);
#758=ORIENTED_EDGE('',*,*,#939,.T.);
#759=ORIENTED_EDGE('',*,*,#1066,.T.);
#760=ORIENTED_EDGE('',*,*,#919,.F.);
#761=ORIENTED_EDGE('',*,*,#1067,.F.);
#762=ORIENTED_EDGE('',*,*,#940,.T.);
#763=ORIENTED_EDGE('',*,*,#1065,.T.);
#764=ORIENTED_EDGE('',*,*,#930,.F.);
#765=ORIENTED_EDGE('',*,*,#1068,.F.);
#766=ORIENTED_EDGE('',*,*,#941,.T.);
#767=ORIENTED_EDGE('',*,*,#1067,.T.);
#768=ORIENTED_EDGE('',*,*,#929,.F.);
#769=ORIENTED_EDGE('',*,*,#1069,.F.);
#770=ORIENTED_EDGE('',*,*,#942,.T.);
#771=ORIENTED_EDGE('',*,*,#1068,.T.);
#772=ORIENTED_EDGE('',*,*,#928,.F.);
#773=ORIENTED_EDGE('',*,*,#1070,.F.);
#774=ORIENTED_EDGE('',*,*,#943,.T.);
#775=ORIENTED_EDGE('',*,*,#1069,.T.);
#776=ORIENTED_EDGE('',*,*,#927,.F.);
#777=ORIENTED_EDGE('',*,*,#1071,.F.);
#778=ORIENTED_EDGE('',*,*,#944,.T.);
#779=ORIENTED_EDGE('',*,*,#1070,.T.);
#780=ORIENTED_EDGE('',*,*,#926,.F.);
#781=ORIENTED_EDGE('',*,*,#1072,.F.);
#782=ORIENTED_EDGE('',*,*,#945,.T.);
#783=ORIENTED_EDGE('',*,*,#1071,.T.);
#784=ORIENTED_EDGE('',*,*,#925,.F.);
#785=ORIENTED_EDGE('',*,*,#1073,.F.);
#786=ORIENTED_EDGE('',*,*,#946,.T.);
#787=ORIENTED_EDGE('',*,*,#1072,.T.);
#788=ORIENTED_EDGE('',*,*,#924,.F.);
#789=ORIENTED_EDGE('',*,*,#1074,.F.);
#790=ORIENTED_EDGE('',*,*,#947,.T.);
#791=ORIENTED_EDGE('',*,*,#1073,.T.);
#792=ORIENTED_EDGE('',*,*,#923,.F.);
#793=ORIENTED_EDGE('',*,*,#1075,.F.);
#794=ORIENTED_EDGE('',*,*,#948,.T.);
#795=ORIENTED_EDGE('',*,*,#1074,.T.);
#796=ORIENTED_EDGE('',*,*,#922,.F.);
#797=ORIENTED_EDGE('',*,*,#1076,.F.);
#798=ORIENTED_EDGE('',*,*,#949,.T.);
#799=ORIENTED_EDGE('',*,*,#1075,.T.);
#800=ORIENTED_EDGE('',*,*,#921,.F.);
#801=ORIENTED_EDGE('',*,*,#1066,.F.);
#802=ORIENTED_EDGE('',*,*,#950,.T.);
#803=ORIENTED_EDGE('',*,*,#1076,.T.);
#804=ORIENTED_EDGE('',*,*,#932,.F.);
#805=ORIENTED_EDGE('',*,*,#1077,.F.);
#806=ORIENTED_EDGE('',*,*,#1004,.T.);
#807=ORIENTED_EDGE('',*,*,#1078,.T.);
#808=ORIENTED_EDGE('',*,*,#931,.F.);
#809=ORIENTED_EDGE('',*,*,#1079,.F.);
#810=ORIENTED_EDGE('',*,*,#1005,.T.);
#811=ORIENTED_EDGE('',*,*,#1077,.T.);
#812=ORIENTED_EDGE('',*,*,#938,.F.);
#813=ORIENTED_EDGE('',*,*,#1080,.F.);
#814=ORIENTED_EDGE('',*,*,#1006,.T.);
#815=ORIENTED_EDGE('',*,*,#1079,.T.);
#816=ORIENTED_EDGE('',*,*,#937,.F.);
#817=ORIENTED_EDGE('',*,*,#1081,.F.);
#818=ORIENTED_EDGE('',*,*,#1007,.T.);
#819=ORIENTED_EDGE('',*,*,#1080,.T.);
#820=ORIENTED_EDGE('',*,*,#936,.F.);
#821=ORIENTED_EDGE('',*,*,#1082,.F.);
#822=ORIENTED_EDGE('',*,*,#1008,.T.);
#823=ORIENTED_EDGE('',*,*,#1081,.T.);
#824=ORIENTED_EDGE('',*,*,#935,.F.);
#825=ORIENTED_EDGE('',*,*,#1083,.F.);
#826=ORIENTED_EDGE('',*,*,#1009,.T.);
#827=ORIENTED_EDGE('',*,*,#1082,.T.);
#828=ORIENTED_EDGE('',*,*,#934,.F.);
#829=ORIENTED_EDGE('',*,*,#1084,.F.);
#830=ORIENTED_EDGE('',*,*,#1010,.T.);
#831=ORIENTED_EDGE('',*,*,#1083,.T.);
#832=ORIENTED_EDGE('',*,*,#933,.F.);
#833=ORIENTED_EDGE('',*,*,#1078,.F.);
#834=ORIENTED_EDGE('',*,*,#1011,.T.);
#835=ORIENTED_EDGE('',*,*,#1084,.T.);
#836=ORIENTED_EDGE('',*,*,#1085,.F.);
#837=ORIENTED_EDGE('',*,*,#1086,.F.);
#838=ORIENTED_EDGE('',*,*,#1087,.F.);
#839=ORIENTED_EDGE('',*,*,#1088,.F.);
#840=ORIENTED_EDGE('',*,*,#1089,.F.);
#841=ORIENTED_EDGE('',*,*,#1090,.F.);
#842=ORIENTED_EDGE('',*,*,#1091,.F.);
#843=ORIENTED_EDGE('',*,*,#1089,.T.);
#844=ORIENTED_EDGE('',*,*,#1092,.T.);
#845=ORIENTED_EDGE('',*,*,#1093,.F.);
#846=ORIENTED_EDGE('',*,*,#1092,.F.);
#847=ORIENTED_EDGE('',*,*,#1088,.T.);
#848=ORIENTED_EDGE('',*,*,#1094,.T.);
#849=ORIENTED_EDGE('',*,*,#1095,.F.);
#850=ORIENTED_EDGE('',*,*,#1094,.F.);
#851=ORIENTED_EDGE('',*,*,#1087,.T.);
#852=ORIENTED_EDGE('',*,*,#1096,.T.);
#853=ORIENTED_EDGE('',*,*,#1097,.F.);
#854=ORIENTED_EDGE('',*,*,#1096,.F.);
#855=ORIENTED_EDGE('',*,*,#1086,.T.);
#856=ORIENTED_EDGE('',*,*,#1098,.T.);
#857=ORIENTED_EDGE('',*,*,#1099,.F.);
#858=ORIENTED_EDGE('',*,*,#1098,.F.);
#859=ORIENTED_EDGE('',*,*,#1085,.T.);
#860=ORIENTED_EDGE('',*,*,#1091,.T.);
#861=ORIENTED_EDGE('',*,*,#1097,.T.);
#862=ORIENTED_EDGE('',*,*,#1099,.T.);
#863=ORIENTED_EDGE('',*,*,#1090,.T.);
#864=ORIENTED_EDGE('',*,*,#1093,.T.);
#865=ORIENTED_EDGE('',*,*,#1095,.T.);
#866=EDGE_CURVE('',#1100,#1101,#1256,.T.);
#867=EDGE_CURVE('',#1101,#1102,#1257,.T.);
#868=EDGE_CURVE('',#1102,#1103,#1258,.T.);
#869=EDGE_CURVE('',#1103,#1104,#1259,.T.);
#870=EDGE_CURVE('',#1104,#1105,#50,.T.);
#871=EDGE_CURVE('',#1105,#1106,#44,.T.);
#872=EDGE_CURVE('',#1106,#1107,#45,.T.);
#873=EDGE_CURVE('',#1107,#1108,#1260,.T.);
#874=EDGE_CURVE('',#1108,#1109,#1261,.T.);
#875=EDGE_CURVE('',#1109,#1110,#1262,.T.);
#876=EDGE_CURVE('',#1110,#1111,#1263,.T.);
#877=EDGE_CURVE('',#1111,#1112,#1264,.T.);
#878=EDGE_CURVE('',#1112,#1113,#1265,.T.);
#879=EDGE_CURVE('',#1113,#1114,#1266,.T.);
#880=EDGE_CURVE('',#1114,#1115,#1267,.T.);
#881=EDGE_CURVE('',#1115,#1116,#1268,.T.);
#882=EDGE_CURVE('',#1116,#1117,#1269,.T.);
#883=EDGE_CURVE('',#1117,#1118,#51,.T.);
#884=EDGE_CURVE('',#1118,#1119,#1270,.T.);
#885=EDGE_CURVE('',#1119,#1120,#1271,.T.);
#886=EDGE_CURVE('',#1120,#1121,#1272,.T.);
#887=EDGE_CURVE('',#1121,#1122,#1273,.T.);
#888=EDGE_CURVE('',#1122,#1123,#1274,.T.);
#889=EDGE_CURVE('',#1123,#1124,#1275,.T.);
#890=EDGE_CURVE('',#1124,#1100,#1276,.T.);
#891=EDGE_CURVE('',#1125,#1126,#52,.T.);
#892=EDGE_CURVE('',#1125,#1127,#53,.T.);
#893=EDGE_CURVE('',#1128,#1127,#1277,.T.);
#894=EDGE_CURVE('',#1129,#1128,#1278,.T.);
#895=EDGE_CURVE('',#1130,#1129,#1279,.T.);
#896=EDGE_CURVE('',#1131,#1130,#1280,.T.);
#897=EDGE_CURVE('',#1132,#1131,#1281,.T.);
#898=EDGE_CURVE('',#1126,#1132,#54,.T.);
#899=EDGE_CURVE('',#1133,#1134,#55,.T.);
#900=EDGE_CURVE('',#1134,#1135,#56,.T.);
#901=EDGE_CURVE('',#1135,#1136,#57,.T.);
#902=EDGE_CURVE('',#1136,#1137,#58,.T.);
#903=EDGE_CURVE('',#1137,#1138,#59,.T.);
#904=EDGE_CURVE('',#1138,#1139,#60,.T.);
#905=EDGE_CURVE('',#1139,#1140,#61,.T.);
#906=EDGE_CURVE('',#1140,#1133,#62,.T.);
#907=EDGE_CURVE('',#1141,#1142,#63,.T.);
#908=EDGE_CURVE('',#1142,#1143,#64,.T.);
#909=EDGE_CURVE('',#1143,#1144,#65,.T.);
#910=EDGE_CURVE('',#1144,#1145,#66,.T.);
#911=EDGE_CURVE('',#1145,#1146,#67,.T.);
#912=EDGE_CURVE('',#1146,#1147,#68,.T.);
#913=EDGE_CURVE('',#1147,#1148,#69,.T.);
#914=EDGE_CURVE('',#1148,#1149,#70,.T.);
#915=EDGE_CURVE('',#1149,#1150,#71,.T.);
#916=EDGE_CURVE('',#1150,#1151,#72,.T.);
#917=EDGE_CURVE('',#1151,#1152,#73,.T.);
#918=EDGE_CURVE('',#1152,#1141,#74,.T.);
#919=EDGE_CURVE('',#1153,#1154,#75,.T.);
#920=EDGE_CURVE('',#1154,#1155,#76,.T.);
#921=EDGE_CURVE('',#1155,#1156,#77,.T.);
#922=EDGE_CURVE('',#1156,#1157,#78,.T.);
#923=EDGE_CURVE('',#1157,#1158,#79,.T.);
#924=EDGE_CURVE('',#1158,#1159,#80,.T.);
#925=EDGE_CURVE('',#1159,#1160,#81,.T.);
#926=EDGE_CURVE('',#1160,#1161,#82,.T.);
#927=EDGE_CURVE('',#1161,#1162,#83,.T.);
#928=EDGE_CURVE('',#1162,#1163,#84,.T.);
#929=EDGE_CURVE('',#1163,#1164,#85,.T.);
#930=EDGE_CURVE('',#1164,#1153,#86,.T.);
#931=EDGE_CURVE('',#1165,#1166,#87,.T.);
#932=EDGE_CURVE('',#1166,#1167,#88,.T.);
#933=EDGE_CURVE('',#1167,#1168,#89,.T.);
#934=EDGE_CURVE('',#1168,#1169,#90,.T.);
#935=EDGE_CURVE('',#1169,#1170,#91,.T.);
#936=EDGE_CURVE('',#1170,#1171,#92,.T.);
#937=EDGE_CURVE('',#1171,#1172,#93,.T.);
#938=EDGE_CURVE('',#1172,#1165,#94,.T.);
#939=EDGE_CURVE('',#1173,#1174,#95,.T.);
#940=EDGE_CURVE('',#1175,#1173,#96,.T.);
#941=EDGE_CURVE('',#1176,#1175,#97,.T.);
#942=EDGE_CURVE('',#1177,#1176,#98,.T.);
#943=EDGE_CURVE('',#1178,#1177,#99,.T.);
#944=EDGE_CURVE('',#1179,#1178,#100,.T.);
#945=EDGE_CURVE('',#1180,#1179,#101,.T.);
#946=EDGE_CURVE('',#1181,#1180,#102,.T.);
#947=EDGE_CURVE('',#1182,#1181,#103,.T.);
#948=EDGE_CURVE('',#1183,#1182,#104,.T.);
#949=EDGE_CURVE('',#1184,#1183,#105,.T.);
#950=EDGE_CURVE('',#1174,#1184,#106,.T.);
#951=EDGE_CURVE('',#1185,#1186,#107,.T.);
#952=EDGE_CURVE('',#1187,#1185,#108,.T.);
#953=EDGE_CURVE('',#1188,#1187,#109,.T.);
#954=EDGE_CURVE('',#1189,#1188,#110,.T.);
#955=EDGE_CURVE('',#1190,#1189,#111,.T.);
#956=EDGE_CURVE('',#1191,#1190,#112,.T.);
#957=EDGE_CURVE('',#1192,#1191,#113,.T.);
#958=EDGE_CURVE('',#1186,#1192,#114,.T.);
#959=EDGE_CURVE('',#1193,#1194,#115,.T.);
#960=EDGE_CURVE('',#1194,#1195,#116,.T.);
#961=EDGE_CURVE('',#1195,#1196,#1282,.T.);
#962=EDGE_CURVE('',#1196,#1197,#1283,.T.);
#963=EDGE_CURVE('',#1197,#1198,#1284,.T.);
#964=EDGE_CURVE('',#1198,#1199,#1285,.T.);
#965=EDGE_CURVE('',#1199,#1200,#1286,.T.);
#966=EDGE_CURVE('',#1193,#1200,#117,.T.);
#967=EDGE_CURVE('',#1201,#1202,#1287,.T.);
#968=EDGE_CURVE('',#1203,#1201,#1288,.T.);
#969=EDGE_CURVE('',#1204,#1203,#1289,.T.);
#970=EDGE_CURVE('',#1205,#1204,#1290,.T.);
#971=EDGE_CURVE('',#1206,#1205,#1291,.T.);
#972=EDGE_CURVE('',#1207,#1206,#1292,.T.);
#973=EDGE_CURVE('',#1208,#1207,#1293,.T.);
#974=EDGE_CURVE('',#1209,#1208,#1294,.T.);
#975=EDGE_CURVE('',#1210,#1209,#1295,.T.);
#976=EDGE_CURVE('',#1211,#1210,#118,.T.);
#977=EDGE_CURVE('',#1212,#1211,#1296,.T.);
#978=EDGE_CURVE('',#1213,#1212,#1297,.T.);
#979=EDGE_CURVE('',#1214,#1213,#1298,.T.);
#980=EDGE_CURVE('',#1215,#1214,#1299,.T.);
#981=EDGE_CURVE('',#1216,#1215,#1300,.T.);
#982=EDGE_CURVE('',#1217,#1216,#1301,.T.);
#983=EDGE_CURVE('',#1218,#1217,#1302,.T.);
#984=EDGE_CURVE('',#1219,#1218,#1303,.T.);
#985=EDGE_CURVE('',#1220,#1219,#1304,.T.);
#986=EDGE_CURVE('',#1221,#1220,#1305,.T.);
#987=EDGE_CURVE('',#1222,#1221,#46,.T.);
#988=EDGE_CURVE('',#1223,#1222,#47,.T.);
#989=EDGE_CURVE('',#1224,#1223,#119,.T.);
#990=EDGE_CURVE('',#1225,#1224,#1306,.T.);
#991=EDGE_CURVE('',#1202,#1225,#1307,.T.);
#992=EDGE_CURVE('',#1226,#1227,#120,.T.);
#993=EDGE_CURVE('',#1228,#1226,#121,.T.);
#994=EDGE_CURVE('',#1229,#1228,#122,.T.);
#995=EDGE_CURVE('',#1230,#1229,#123,.T.);
#996=EDGE_CURVE('',#1231,#1230,#124,.T.);
#997=EDGE_CURVE('',#1232,#1231,#125,.T.);
#998=EDGE_CURVE('',#1233,#1232,#126,.T.);
#999=EDGE_CURVE('',#1234,#1233,#127,.T.);
#1000=EDGE_CURVE('',#1235,#1234,#128,.T.);
#1001=EDGE_CURVE('',#1236,#1235,#129,.T.);
#1002=EDGE_CURVE('',#1237,#1236,#130,.T.);
#1003=EDGE_CURVE('',#1227,#1237,#131,.T.);
#1004=EDGE_CURVE('',#1238,#1239,#132,.T.);
#1005=EDGE_CURVE('',#1240,#1238,#133,.T.);
#1006=EDGE_CURVE('',#1241,#1240,#134,.T.);
#1007=EDGE_CURVE('',#1242,#1241,#135,.T.);
#1008=EDGE_CURVE('',#1243,#1242,#136,.T.);
#1009=EDGE_CURVE('',#1244,#1243,#137,.T.);
#1010=EDGE_CURVE('',#1245,#1244,#138,.T.);
#1011=EDGE_CURVE('',#1239,#1245,#139,.T.);
#1012=EDGE_CURVE('',#1125,#1193,#140,.T.);
#1013=EDGE_CURVE('',#1126,#1194,#141,.T.);
#1014=EDGE_CURVE('',#1127,#1200,#142,.T.);
#1015=EDGE_CURVE('',#1128,#1199,#143,.T.);
#1016=EDGE_CURVE('',#1129,#1198,#144,.T.);
#1017=EDGE_CURVE('',#1130,#1197,#145,.T.);
#1018=EDGE_CURVE('',#1131,#1196,#146,.T.);
#1019=EDGE_CURVE('',#1132,#1195,#147,.T.);
#1020=EDGE_CURVE('',#1201,#1101,#148,.T.);
#1021=EDGE_CURVE('',#1202,#1102,#149,.T.);
#1022=EDGE_CURVE('',#1203,#1100,#150,.T.);
#1023=EDGE_CURVE('',#1204,#1124,#151,.T.);
#1024=EDGE_CURVE('',#1205,#1123,#152,.T.);
#1025=EDGE_CURVE('',#1206,#1122,#153,.T.);
#1026=EDGE_CURVE('',#1207,#1121,#154,.T.);
#1027=EDGE_CURVE('',#1208,#1120,#155,.T.);
#1028=EDGE_CURVE('',#1209,#1119,#156,.T.);
#1029=EDGE_CURVE('',#1210,#1118,#157,.T.);
#1030=EDGE_CURVE('',#1211,#1117,#158,.T.);
#1031=EDGE_CURVE('',#1212,#1116,#159,.T.);
#1032=EDGE_CURVE('',#1213,#1115,#160,.T.);
#1033=EDGE_CURVE('',#1214,#1114,#161,.T.);
#1034=EDGE_CURVE('',#1215,#1113,#162,.T.);
#1035=EDGE_CURVE('',#1216,#1112,#163,.T.);
#1036=EDGE_CURVE('',#1217,#1111,#164,.T.);
#1037=EDGE_CURVE('',#1218,#1110,#165,.T.);
#1038=EDGE_CURVE('',#1219,#1109,#166,.T.);
#1039=EDGE_CURVE('',#1220,#1108,#167,.T.);
#1040=EDGE_CURVE('',#1221,#1107,#168,.T.);
#1041=EDGE_CURVE('',#1222,#1106,#169,.T.);
#1042=EDGE_CURVE('',#1223,#1105,#170,.T.);
#1043=EDGE_CURVE('',#1224,#1104,#171,.T.);
#1044=EDGE_CURVE('',#1225,#1103,#172,.T.);
#1045=EDGE_CURVE('',#1185,#1134,#173,.T.);
#1046=EDGE_CURVE('',#1186,#1135,#174,.T.);
#1047=EDGE_CURVE('',#1187,#1133,#175,.T.);
#1048=EDGE_CURVE('',#1188,#1140,#176,.T.);
#1049=EDGE_CURVE('',#1189,#1139,#177,.T.);
#1050=EDGE_CURVE('',#1190,#1138,#178,.T.);
#1051=EDGE_CURVE('',#1191,#1137,#179,.T.);
#1052=EDGE_CURVE('',#1192,#1136,#180,.T.);
#1053=EDGE_CURVE('',#1226,#1142,#181,.T.);
#1054=EDGE_CURVE('',#1227,#1143,#182,.T.);
#1055=EDGE_CURVE('',#1228,#1141,#183,.T.);
#1056=EDGE_CURVE('',#1229,#1152,#184,.T.);
#1057=EDGE_CURVE('',#1230,#1151,#185,.T.);
#1058=EDGE_CURVE('',#1231,#1150,#186,.T.);
#1059=EDGE_CURVE('',#1232,#1149,#187,.T.);
#1060=EDGE_CURVE('',#1233,#1148,#188,.T.);
#1061=EDGE_CURVE('',#1234,#1147,#189,.T.);
#1062=EDGE_CURVE('',#1235,#1146,#190,.T.);
#1063=EDGE_CURVE('',#1236,#1145,#191,.T.);
#1064=EDGE_CURVE('',#1237,#1144,#192,.T.);
#1065=EDGE_CURVE('',#1173,#1154,#193,.T.);
#1066=EDGE_CURVE('',#1174,#1155,#194,.T.);
#1067=EDGE_CURVE('',#1175,#1153,#195,.T.);
#1068=EDGE_CURVE('',#1176,#1164,#196,.T.);
#1069=EDGE_CURVE('',#1177,#1163,#197,.T.);
#1070=EDGE_CURVE('',#1178,#1162,#198,.T.);
#1071=EDGE_CURVE('',#1179,#1161,#199,.T.);
#1072=EDGE_CURVE('',#1180,#1160,#200,.T.);
#1073=EDGE_CURVE('',#1181,#1159,#201,.T.);
#1074=EDGE_CURVE('',#1182,#1158,#202,.T.);
#1075=EDGE_CURVE('',#1183,#1157,#203,.T.);
#1076=EDGE_CURVE('',#1184,#1156,#204,.T.);
#1077=EDGE_CURVE('',#1238,#1166,#205,.T.);
#1078=EDGE_CURVE('',#1239,#1167,#206,.T.);
#1079=EDGE_CURVE('',#1240,#1165,#207,.T.);
#1080=EDGE_CURVE('',#1241,#1172,#208,.T.);
#1081=EDGE_CURVE('',#1242,#1171,#209,.T.);
#1082=EDGE_CURVE('',#1243,#1170,#210,.T.);
#1083=EDGE_CURVE('',#1244,#1169,#211,.T.);
#1084=EDGE_CURVE('',#1245,#1168,#212,.T.);
#1085=EDGE_CURVE('',#1246,#1247,#213,.T.);
#1086=EDGE_CURVE('',#1248,#1246,#214,.T.);
#1087=EDGE_CURVE('',#1249,#1248,#215,.T.);
#1088=EDGE_CURVE('',#1250,#1249,#48,.F.);
#1089=EDGE_CURVE('',#1247,#1250,#1308,.T.);
#1090=EDGE_CURVE('',#1251,#1252,#1309,.T.);
#1091=EDGE_CURVE('',#1247,#1251,#216,.T.);
#1092=EDGE_CURVE('',#1250,#1252,#217,.T.);
#1093=EDGE_CURVE('',#1252,#1253,#49,.F.);
#1094=EDGE_CURVE('',#1249,#1253,#218,.T.);
#1095=EDGE_CURVE('',#1253,#1254,#219,.T.);
#1096=EDGE_CURVE('',#1248,#1254,#220,.T.);
#1097=EDGE_CURVE('',#1254,#1255,#221,.T.);
#1098=EDGE_CURVE('',#1246,#1255,#222,.T.);
#1099=EDGE_CURVE('',#1255,#1251,#223,.T.);
#1100=VERTEX_POINT('',#2019);
#1101=VERTEX_POINT('',#2020);
#1102=VERTEX_POINT('',#2024);
#1103=VERTEX_POINT('',#2028);
#1104=VERTEX_POINT('',#2032);
#1105=VERTEX_POINT('',#2034);
#1106=VERTEX_POINT('',#2036);
#1107=VERTEX_POINT('',#2038);
#1108=VERTEX_POINT('',#2042);
#1109=VERTEX_POINT('',#2046);
#1110=VERTEX_POINT('',#2050);
#1111=VERTEX_POINT('',#2054);
#1112=VERTEX_POINT('',#2058);
#1113=VERTEX_POINT('',#2062);
#1114=VERTEX_POINT('',#2066);
#1115=VERTEX_POINT('',#2070);
#1116=VERTEX_POINT('',#2074);
#1117=VERTEX_POINT('',#2078);
#1118=VERTEX_POINT('',#2080);
#1119=VERTEX_POINT('',#2084);
#1120=VERTEX_POINT('',#2088);
#1121=VERTEX_POINT('',#2092);
#1122=VERTEX_POINT('',#2096);
#1123=VERTEX_POINT('',#2100);
#1124=VERTEX_POINT('',#2104);
#1125=VERTEX_POINT('',#2109);
#1126=VERTEX_POINT('',#2110);
#1127=VERTEX_POINT('',#2112);
#1128=VERTEX_POINT('',#2148);
#1129=VERTEX_POINT('',#2160);
#1130=VERTEX_POINT('',#2209);
#1131=VERTEX_POINT('',#2228);
#1132=VERTEX_POINT('',#2254);
#1133=VERTEX_POINT('',#2257);
#1134=VERTEX_POINT('',#2258);
#1135=VERTEX_POINT('',#2260);
#1136=VERTEX_POINT('',#2262);
#1137=VERTEX_POINT('',#2264);
#1138=VERTEX_POINT('',#2266);
#1139=VERTEX_POINT('',#2268);
#1140=VERTEX_POINT('',#2270);
#1141=VERTEX_POINT('',#2273);
#1142=VERTEX_POINT('',#2274);
#1143=VERTEX_POINT('',#2276);
#1144=VERTEX_POINT('',#2278);
#1145=VERTEX_POINT('',#2280);
#1146=VERTEX_POINT('',#2282);
#1147=VERTEX_POINT('',#2284);
#1148=VERTEX_POINT('',#2286);
#1149=VERTEX_POINT('',#2288);
#1150=VERTEX_POINT('',#2290);
#1151=VERTEX_POINT('',#2292);
#1152=VERTEX_POINT('',#2294);
#1153=VERTEX_POINT('',#2297);
#1154=VERTEX_POINT('',#2298);
#1155=VERTEX_POINT('',#2300);
#1156=VERTEX_POINT('',#2302);
#1157=VERTEX_POINT('',#2304);
#1158=VERTEX_POINT('',#2306);
#1159=VERTEX_POINT('',#2308);
#1160=VERTEX_POINT('',#2310);
#1161=VERTEX_POINT('',#2312);
#1162=VERTEX_POINT('',#2314);
#1163=VERTEX_POINT('',#2316);
#1164=VERTEX_POINT('',#2318);
#1165=VERTEX_POINT('',#2321);
#1166=VERTEX_POINT('',#2322);
#1167=VERTEX_POINT('',#2324);
#1168=VERTEX_POINT('',#2326);
#1169=VERTEX_POINT('',#2328);
#1170=VERTEX_POINT('',#2330);
#1171=VERTEX_POINT('',#2332);
#1172=VERTEX_POINT('',#2334);
#1173=VERTEX_POINT('',#2338);
#1174=VERTEX_POINT('',#2339);
#1175=VERTEX_POINT('',#2341);
#1176=VERTEX_POINT('',#2343);
#1177=VERTEX_POINT('',#2345);
#1178=VERTEX_POINT('',#2347);
#1179=VERTEX_POINT('',#2349);
#1180=VERTEX_POINT('',#2351);
#1181=VERTEX_POINT('',#2353);
#1182=VERTEX_POINT('',#2355);
#1183=VERTEX_POINT('',#2357);
#1184=VERTEX_POINT('',#2359);
#1185=VERTEX_POINT('',#2362);
#1186=VERTEX_POINT('',#2363);
#1187=VERTEX_POINT('',#2365);
#1188=VERTEX_POINT('',#2367);
#1189=VERTEX_POINT('',#2369);
#1190=VERTEX_POINT('',#2371);
#1191=VERTEX_POINT('',#2373);
#1192=VERTEX_POINT('',#2375);
#1193=VERTEX_POINT('',#2378);
#1194=VERTEX_POINT('',#2379);
#1195=VERTEX_POINT('',#2381);
#1196=VERTEX_POINT('',#2407);
#1197=VERTEX_POINT('',#2426);
#1198=VERTEX_POINT('',#2475);
#1199=VERTEX_POINT('',#2487);
#1200=VERTEX_POINT('',#2523);
#1201=VERTEX_POINT('',#2528);
#1202=VERTEX_POINT('',#2529);
#1203=VERTEX_POINT('',#2533);
#1204=VERTEX_POINT('',#2537);
#1205=VERTEX_POINT('',#2541);
#1206=VERTEX_POINT('',#2545);
#1207=VERTEX_POINT('',#2549);
#1208=VERTEX_POINT('',#2553);
#1209=VERTEX_POINT('',#2557);
#1210=VERTEX_POINT('',#2561);
#1211=VERTEX_POINT('',#2563);
#1212=VERTEX_POINT('',#2567);
#1213=VERTEX_POINT('',#2571);
#1214=VERTEX_POINT('',#2575);
#1215=VERTEX_POINT('',#2579);
#1216=VERTEX_POINT('',#2583);
#1217=VERTEX_POINT('',#2587);
#1218=VERTEX_POINT('',#2591);
#1219=VERTEX_POINT('',#2595);
#1220=VERTEX_POINT('',#2599);
#1221=VERTEX_POINT('',#2603);
#1222=VERTEX_POINT('',#2605);
#1223=VERTEX_POINT('',#2607);
#1224=VERTEX_POINT('',#2609);
#1225=VERTEX_POINT('',#2613);
#1226=VERTEX_POINT('',#2618);
#1227=VERTEX_POINT('',#2619);
#1228=VERTEX_POINT('',#2621);
#1229=VERTEX_POINT('',#2623);
#1230=VERTEX_POINT('',#2625);
#1231=VERTEX_POINT('',#2627);
#1232=VERTEX_POINT('',#2629);
#1233=VERTEX_POINT('',#2631);
#1234=VERTEX_POINT('',#2633);
#1235=VERTEX_POINT('',#2635);
#1236=VERTEX_POINT('',#2637);
#1237=VERTEX_POINT('',#2639);
#1238=VERTEX_POINT('',#2642);
#1239=VERTEX_POINT('',#2643);
#1240=VERTEX_POINT('',#2645);
#1241=VERTEX_POINT('',#2647);
#1242=VERTEX_POINT('',#2649);
#1243=VERTEX_POINT('',#2651);
#1244=VERTEX_POINT('',#2653);
#1245=VERTEX_POINT('',#2655);
#1246=VERTEX_POINT('',#3222);
#1247=VERTEX_POINT('',#3223);
#1248=VERTEX_POINT('',#3225);
#1249=VERTEX_POINT('',#3227);
#1250=VERTEX_POINT('',#3229);
#1251=VERTEX_POINT('',#3244);
#1252=VERTEX_POINT('',#3245);
#1253=VERTEX_POINT('',#3250);
#1254=VERTEX_POINT('',#3254);
#1255=VERTEX_POINT('',#3258);
#1256=B_SPLINE_CURVE_WITH_KNOTS('',2,(#2016,#2017,#2018),.UNSPECIFIED.,
 .F.,.F.,(3,3),(0.,1.),.PIECEWISE_BEZIER_KNOTS.);
#1257=B_SPLINE_CURVE_WITH_KNOTS('',2,(#2021,#2022,#2023),.UNSPECIFIED.,
 .F.,.F.,(3,3),(0.,1.),.PIECEWISE_BEZIER_KNOTS.);
#1258=B_SPLINE_CURVE_WITH_KNOTS('',2,(#2025,#2026,#2027),.UNSPECIFIED.,
 .F.,.F.,(3,3),(0.,1.),.PIECEWISE_BEZIER_KNOTS.);
#1259=B_SPLINE_CURVE_WITH_KNOTS('',2,(#2029,#2030,#2031),.UNSPECIFIED.,
 .F.,.F.,(3,3),(0.,1.),.PIECEWISE_BEZIER_KNOTS.);
#1260=B_SPLINE_CURVE_WITH_KNOTS('',2,(#2039,#2040,#2041),.UNSPECIFIED.,
 .F.,.F.,(3,3),(0.,1.),.PIECEWISE_BEZIER_KNOTS.);
#1261=B_SPLINE_CURVE_WITH_KNOTS('',2,(#2043,#2044,#2045),.UNSPECIFIED.,
 .F.,.F.,(3,3),(0.,1.),.PIECEWISE_BEZIER_KNOTS.);
#1262=B_SPLINE_CURVE_WITH_KNOTS('',2,(#2047,#2048,#2049),.UNSPECIFIED.,
 .F.,.F.,(3,3),(0.,1.),.PIECEWISE_BEZIER_KNOTS.);
#1263=B_SPLINE_CURVE_WITH_KNOTS('',2,(#2051,#2052,#2053),.UNSPECIFIED.,
 .F.,.F.,(3,3),(0.,1.),.PIECEWISE_BEZIER_KNOTS.);
#1264=B_SPLINE_CURVE_WITH_KNOTS('',2,(#2055,#2056,#2057),.UNSPECIFIED.,
 .F.,.F.,(3,3),(0.,1.),.PIECEWISE_BEZIER_KNOTS.);
#1265=B_SPLINE_CURVE_WITH_KNOTS('',2,(#2059,#2060,#2061),.UNSPECIFIED.,
 .F.,.F.,(3,3),(0.,1.),.PIECEWISE_BEZIER_KNOTS.);
#1266=B_SPLINE_CURVE_WITH_KNOTS('',2,(#2063,#2064,#2065),.UNSPECIFIED.,
 .F.,.F.,(3,3),(0.,1.),.PIECEWISE_BEZIER_KNOTS.);
#1267=B_SPLINE_CURVE_WITH_KNOTS('',2,(#2067,#2068,#2069),.UNSPECIFIED.,
 .F.,.F.,(3,3),(0.,1.),.PIECEWISE_BEZIER_KNOTS.);
#1268=B_SPLINE_CURVE_WITH_KNOTS('',2,(#2071,#2072,#2073),.UNSPECIFIED.,
 .F.,.F.,(3,3),(0.,1.),.PIECEWISE_BEZIER_KNOTS.);
#1269=B_SPLINE_CURVE_WITH_KNOTS('',2,(#2075,#2076,#2077),.UNSPECIFIED.,
 .F.,.F.,(3,3),(0.,1.),.PIECEWISE_BEZIER_KNOTS.);
#1270=B_SPLINE_CURVE_WITH_KNOTS('',2,(#2081,#2082,#2083),.UNSPECIFIED.,
 .F.,.F.,(3,3),(0.,1.),.PIECEWISE_BEZIER_KNOTS.);
#1271=B_SPLINE_CURVE_WITH_KNOTS('',2,(#2085,#2086,#2087),.UNSPECIFIED.,
 .F.,.F.,(3,3),(0.,1.),.PIECEWISE_BEZIER_KNOTS.);
#1272=B_SPLINE_CURVE_WITH_KNOTS('',2,(#2089,#2090,#2091),.UNSPECIFIED.,
 .F.,.F.,(3,3),(0.,1.),.PIECEWISE_BEZIER_KNOTS.);
#1273=B_SPLINE_CURVE_WITH_KNOTS('',2,(#2093,#2094,#2095),.UNSPECIFIED.,
 .F.,.F.,(3,3),(0.,1.),.PIECEWISE_BEZIER_KNOTS.);
#1274=B_SPLINE_CURVE_WITH_KNOTS('',2,(#2097,#2098,#2099),.UNSPECIFIED.,
 .F.,.F.,(3,3),(0.,1.),.PIECEWISE_BEZIER_KNOTS.);
#1275=B_SPLINE_CURVE_WITH_KNOTS('',2,(#2101,#2102,#2103),.UNSPECIFIED.,
 .F.,.F.,(3,3),(0.,1.),.PIECEWISE_BEZIER_KNOTS.);
#1276=B_SPLINE_CURVE_WITH_KNOTS('',2,(#2105,#2106,#2107),.UNSPECIFIED.,
 .F.,.F.,(3,3),(0.,1.),.PIECEWISE_BEZIER_KNOTS.);
#1277=B_SPLINE_CURVE_WITH_KNOTS('',3,(#2113,#2114,#2115,#2116,#2117,#2118,
#2119,#2120,#2121,#2122,#2123,#2124,#2125,#2126,#2127,#2128,#2129,#2130,
#2131,#2132,#2133,#2134,#2135,#2136,#2137,#2138,#2139,#2140,#2141,#2142,
#2143,#2144,#2145,#2146,#2147),.UNSPECIFIED.,.F.,.F.,(4,1,1,1,1,1,1,1,1,
1,1,1,1,1,1,1,1,1,1,1,1,1,1,1,1,1,1,1,1,1,1,1,4),(0.,0.0235770952216892,
0.0435091988188086,0.0615397051572709,0.0883955047394419,0.118841308727183,
0.148666186379405,0.175752958580428,0.199457787069818,0.223799435803496,
0.251672698123572,0.282095775806019,0.316699682947774,0.33299222731192,
0.365869008096502,0.396683228137249,0.421442321229593,0.45349843113376,
0.484561586628731,0.521979141538078,0.55180542220476,0.582518956518122,
0.615818451037138,0.654057990766152,0.69009891834988,0.729982895618809,
0.775943346999212,0.808378019398506,0.84802579512529,0.87963833144877,0.901118995758834,
0.913127184498537,1.),.UNSPECIFIED.);
#1278=B_SPLINE_CURVE_WITH_KNOTS('',3,(#2149,#2150,#2151,#2152,#2153,#2154,
#2155,#2156,#2157,#2158,#2159),.UNSPECIFIED.,.F.,.F.,(4,1,1,1,1,1,1,1,4),
(0.,0.134234480048341,0.326577658970336,0.467263928831633,0.584593521080372,
0.673831175608187,0.775978972496206,0.893065564273666,1.),.UNSPECIFIED.);
#1279=B_SPLINE_CURVE_WITH_KNOTS('',3,(#2161,#2162,#2163,#2164,#2165,#2166,
#2167,#2168,#2169,#2170,#2171,#2172,#2173,#2174,#2175,#2176,#2177,#2178,
#2179,#2180,#2181,#2182,#2183,#2184,#2185,#2186,#2187,#2188,#2189,#2190,
#2191,#2192,#2193,#2194,#2195,#2196,#2197,#2198,#2199,#2200,#2201,#2202,
#2203,#2204,#2205,#2206,#2207,#2208),.UNSPECIFIED.,.F.,.F.,(4,1,1,1,1,1,
1,1,1,1,1,1,1,1,1,1,1,1,1,1,1,1,1,1,1,1,1,1,1,1,1,1,1,1,1,1,1,1,1,1,1,1,
1,1,1,4),(0.,0.0193346146940881,0.0412927432101384,0.0556381498545236,0.0764029672996973,
0.102243523974674,0.123216577039438,0.142069949965399,0.158632097673824,
0.193195259756243,0.211184922727648,0.232503160536124,0.255127219597628,
0.272490782037245,0.286541606526627,0.310953019693749,0.3302772879618,0.356570553277173,
0.384220683956644,0.398611225781031,0.416374182611152,0.441805441190633,
0.469209484464187,0.485360392978547,0.503441231244296,0.538506282803318,
0.564074825545026,0.590411796546656,0.61460903771265,0.636785235624368,
0.654113589492393,0.678343808181034,0.696192161159681,0.709813213155808,
0.734263796708554,0.759436600315421,0.779174215908031,0.802276740479475,
0.812823354084206,0.84066463048247,0.866027257771744,0.889438874360612,
0.914398117766725,0.946900744597469,0.972488641325735,1.),.UNSPECIFIED.);
#1280=B_SPLINE_CURVE_WITH_KNOTS('',3,(#2210,#2211,#2212,#2213,#2214,#2215,
#2216,#2217,#2218,#2219,#2220,#2221,#2222,#2223,#2224,#2225,#2226,#2227),
 .UNSPECIFIED.,.F.,.F.,(4,1,1,1,1,1,1,1,1,1,1,1,1,1,1,4),(0.,0.0638040313062295,
0.112270344936521,0.176459177278265,0.242212321423024,0.308552818538801,
0.353941341866402,0.432576786295421,0.478371993527754,0.548843204404588,
0.62659404663912,0.686577840913558,0.747807488617723,0.797494292554944,
0.956846577674058,1.),.UNSPECIFIED.);
#1281=B_SPLINE_CURVE_WITH_KNOTS('',3,(#2229,#2230,#2231,#2232,#2233,#2234,
#2235,#2236,#2237,#2238,#2239,#2240,#2241,#2242,#2243,#2244,#2245,#2246,
#2247,#2248,#2249,#2250,#2251,#2252,#2253),.UNSPECIFIED.,.F.,.F.,(4,1,1,
1,1,1,1,1,1,1,1,1,1,1,1,1,1,1,1,1,1,1,4),(0.,0.0537104483090373,0.0997991178497417,
0.148087100994782,0.188665199861221,0.222744346419574,0.266291801767453,
0.304242859651993,0.352121376864457,0.398532822540053,0.446287063979159,
0.486769937172617,0.529137759029275,0.568350320122407,0.602104425523778,
0.656971075740404,0.712633340395814,0.765193583327036,0.798420287576081,
0.838775477480331,0.884620638151561,0.942589306932063,1.),.UNSPECIFIED.);
#1282=B_SPLINE_CURVE_WITH_KNOTS('',3,(#2382,#2383,#2384,#2385,#2386,#2387,
#2388,#2389,#2390,#2391,#2392,#2393,#2394,#2395,#2396,#2397,#2398,#2399,
#2400,#2401,#2402,#2403,#2404,#2405,#2406),.UNSPECIFIED.,.F.,.F.,(4,1,1,
1,1,1,1,1,1,1,1,1,1,1,1,1,1,1,1,1,1,1,4),(0.,0.0537104483090373,0.0997991178497417,
0.148087100994782,0.188665199861221,0.222744346419574,0.266291801767453,
0.304242859651993,0.352121376864457,0.398532822540053,0.446287063979159,
0.486769937172617,0.529137759029275,0.568350320122407,0.602104425523778,
0.656971075740404,0.712633340395814,0.765193583327036,0.798420287576081,
0.838775477480331,0.884620638151561,0.942589306932063,1.),.UNSPECIFIED.);
#1283=B_SPLINE_CURVE_WITH_KNOTS('',3,(#2408,#2409,#2410,#2411,#2412,#2413,
#2414,#2415,#2416,#2417,#2418,#2419,#2420,#2421,#2422,#2423,#2424,#2425),
 .UNSPECIFIED.,.F.,.F.,(4,1,1,1,1,1,1,1,1,1,1,1,1,1,1,4),(0.,0.0638040313062295,
0.112270344936521,0.176459177278265,0.242212321423024,0.308552818538801,
0.353941341866402,0.432576786295421,0.478371993527754,0.548843204404588,
0.62659404663912,0.686577840913558,0.747807488617723,0.797494292554944,
0.956846577674058,1.),.UNSPECIFIED.);
#1284=B_SPLINE_CURVE_WITH_KNOTS('',3,(#2427,#2428,#2429,#2430,#2431,#2432,
#2433,#2434,#2435,#2436,#2437,#2438,#2439,#2440,#2441,#2442,#2443,#2444,
#2445,#2446,#2447,#2448,#2449,#2450,#2451,#2452,#2453,#2454,#2455,#2456,
#2457,#2458,#2459,#2460,#2461,#2462,#2463,#2464,#2465,#2466,#2467,#2468,
#2469,#2470,#2471,#2472,#2473,#2474),.UNSPECIFIED.,.F.,.F.,(4,1,1,1,1,1,
1,1,1,1,1,1,1,1,1,1,1,1,1,1,1,1,1,1,1,1,1,1,1,1,1,1,1,1,1,1,1,1,1,1,1,1,
1,1,1,4),(0.,0.0193346146940881,0.0412927432101384,0.0556381498545236,0.0764029672996973,
0.102243523974674,0.123216577039438,0.142069949965399,0.158632097673824,
0.193195259756243,0.211184922727648,0.232503160536124,0.255127219597628,
0.272490782037245,0.286541606526627,0.310953019693749,0.3302772879618,0.356570553277173,
0.384220683956644,0.398611225781031,0.416374182611152,0.441805441190633,
0.469209484464187,0.485360392978547,0.503441231244296,0.538506282803318,
0.564074825545026,0.590411796546656,0.61460903771265,0.636785235624368,
0.654113589492393,0.678343808181034,0.696192161159681,0.709813213155808,
0.734263796708554,0.759436600315421,0.779174215908031,0.802276740479475,
0.812823354084206,0.84066463048247,0.866027257771744,0.889438874360612,
0.914398117766725,0.946900744597469,0.972488641325735,1.),.UNSPECIFIED.);
#1285=B_SPLINE_CURVE_WITH_KNOTS('',3,(#2476,#2477,#2478,#2479,#2480,#2481,
#2482,#2483,#2484,#2485,#2486),.UNSPECIFIED.,.F.,.F.,(4,1,1,1,1,1,1,1,4),
(0.,0.134234480048341,0.326577658970336,0.467263928831633,0.584593521080372,
0.673831175608187,0.775978972496206,0.893065564273666,1.),.UNSPECIFIED.);
#1286=B_SPLINE_CURVE_WITH_KNOTS('',3,(#2488,#2489,#2490,#2491,#2492,#2493,
#2494,#2495,#2496,#2497,#2498,#2499,#2500,#2501,#2502,#2503,#2504,#2505,
#2506,#2507,#2508,#2509,#2510,#2511,#2512,#2513,#2514,#2515,#2516,#2517,
#2518,#2519,#2520,#2521,#2522),.UNSPECIFIED.,.F.,.F.,(4,1,1,1,1,1,1,1,1,
1,1,1,1,1,1,1,1,1,1,1,1,1,1,1,1,1,1,1,1,1,1,1,4),(0.,0.0235770952216892,
0.0435091988188086,0.0615397051572709,0.0883955047394419,0.118841308727183,
0.148666186379405,0.175752958580428,0.199457787069818,0.223799435803496,
0.251672698123572,0.282095775806019,0.316699682947774,0.33299222731192,
0.365869008096502,0.396683228137249,0.421442321229593,0.45349843113376,
0.484561586628731,0.521979141538078,0.55180542220476,0.582518956518122,
0.615818451037138,0.654057990766152,0.69009891834988,0.729982895618809,
0.775943346999212,0.808378019398506,0.84802579512529,0.87963833144877,0.901118995758834,
0.913127184498537,1.),.UNSPECIFIED.);
#1287=B_SPLINE_CURVE_WITH_KNOTS('',2,(#2525,#2526,#2527),.UNSPECIFIED.,
 .F.,.F.,(3,3),(0.,1.),.PIECEWISE_BEZIER_KNOTS.);
#1288=B_SPLINE_CURVE_WITH_KNOTS('',2,(#2530,#2531,#2532),.UNSPECIFIED.,
 .F.,.F.,(3,3),(0.,1.),.PIECEWISE_BEZIER_KNOTS.);
#1289=B_SPLINE_CURVE_WITH_KNOTS('',2,(#2534,#2535,#2536),.UNSPECIFIED.,
 .F.,.F.,(3,3),(0.,1.),.PIECEWISE_BEZIER_KNOTS.);
#1290=B_SPLINE_CURVE_WITH_KNOTS('',2,(#2538,#2539,#2540),.UNSPECIFIED.,
 .F.,.F.,(3,3),(0.,1.),.PIECEWISE_BEZIER_KNOTS.);
#1291=B_SPLINE_CURVE_WITH_KNOTS('',2,(#2542,#2543,#2544),.UNSPECIFIED.,
 .F.,.F.,(3,3),(0.,1.),.PIECEWISE_BEZIER_KNOTS.);
#1292=B_SPLINE_CURVE_WITH_KNOTS('',2,(#2546,#2547,#2548),.UNSPECIFIED.,
 .F.,.F.,(3,3),(0.,1.),.PIECEWISE_BEZIER_KNOTS.);
#1293=B_SPLINE_CURVE_WITH_KNOTS('',2,(#2550,#2551,#2552),.UNSPECIFIED.,
 .F.,.F.,(3,3),(0.,1.),.PIECEWISE_BEZIER_KNOTS.);
#1294=B_SPLINE_CURVE_WITH_KNOTS('',2,(#2554,#2555,#2556),.UNSPECIFIED.,
 .F.,.F.,(3,3),(0.,1.),.PIECEWISE_BEZIER_KNOTS.);
#1295=B_SPLINE_CURVE_WITH_KNOTS('',2,(#2558,#2559,#2560),.UNSPECIFIED.,
 .F.,.F.,(3,3),(0.,1.),.PIECEWISE_BEZIER_KNOTS.);
#1296=B_SPLINE_CURVE_WITH_KNOTS('',2,(#2564,#2565,#2566),.UNSPECIFIED.,
 .F.,.F.,(3,3),(0.,1.),.PIECEWISE_BEZIER_KNOTS.);
#1297=B_SPLINE_CURVE_WITH_KNOTS('',2,(#2568,#2569,#2570),.UNSPECIFIED.,
 .F.,.F.,(3,3),(0.,1.),.PIECEWISE_BEZIER_KNOTS.);
#1298=B_SPLINE_CURVE_WITH_KNOTS('',2,(#2572,#2573,#2574),.UNSPECIFIED.,
 .F.,.F.,(3,3),(0.,1.),.PIECEWISE_BEZIER_KNOTS.);
#1299=B_SPLINE_CURVE_WITH_KNOTS('',2,(#2576,#2577,#2578),.UNSPECIFIED.,
 .F.,.F.,(3,3),(0.,1.),.PIECEWISE_BEZIER_KNOTS.);
#1300=B_SPLINE_CURVE_WITH_KNOTS('',2,(#2580,#2581,#2582),.UNSPECIFIED.,
 .F.,.F.,(3,3),(0.,1.),.PIECEWISE_BEZIER_KNOTS.);
#1301=B_SPLINE_CURVE_WITH_KNOTS('',2,(#2584,#2585,#2586),.UNSPECIFIED.,
 .F.,.F.,(3,3),(0.,1.),.PIECEWISE_BEZIER_KNOTS.);
#1302=B_SPLINE_CURVE_WITH_KNOTS('',2,(#2588,#2589,#2590),.UNSPECIFIED.,
 .F.,.F.,(3,3),(0.,1.),.PIECEWISE_BEZIER_KNOTS.);
#1303=B_SPLINE_CURVE_WITH_KNOTS('',2,(#2592,#2593,#2594),.UNSPECIFIED.,
 .F.,.F.,(3,3),(0.,1.),.PIECEWISE_BEZIER_KNOTS.);
#1304=B_SPLINE_CURVE_WITH_KNOTS('',2,(#2596,#2597,#2598),.UNSPECIFIED.,
 .F.,.F.,(3,3),(0.,1.),.PIECEWISE_BEZIER_KNOTS.);
#1305=B_SPLINE_CURVE_WITH_KNOTS('',2,(#2600,#2601,#2602),.UNSPECIFIED.,
 .F.,.F.,(3,3),(0.,1.),.PIECEWISE_BEZIER_KNOTS.);
#1306=B_SPLINE_CURVE_WITH_KNOTS('',2,(#2610,#2611,#2612),.UNSPECIFIED.,
 .F.,.F.,(3,3),(0.,1.),.PIECEWISE_BEZIER_KNOTS.);
#1307=B_SPLINE_CURVE_WITH_KNOTS('',2,(#2614,#2615,#2616),.UNSPECIFIED.,
 .F.,.F.,(3,3),(0.,1.),.PIECEWISE_BEZIER_KNOTS.);
#1308=B_SPLINE_CURVE_WITH_KNOTS('',2,(#3230,#3231,#3232),.UNSPECIFIED.,
 .F.,.F.,(3,3),(0.,1.),.PIECEWISE_BEZIER_KNOTS.);
#1309=B_SPLINE_CURVE_WITH_KNOTS('',2,(#3241,#3242,#3243),.UNSPECIFIED.,
 .F.,.F.,(3,3),(0.,1.),.PIECEWISE_BEZIER_KNOTS.);
#1310=EDGE_LOOP('',(#398,#399,#400,#401,#402,#403,#404,#405,#406,#407,#408,
#409,#410,#411,#412,#413,#414,#415,#416,#417,#418,#419,#420,#421,#422));
#1311=EDGE_LOOP('',(#423,#424,#425,#426,#427,#428,#429,#430));
#1312=EDGE_LOOP('',(#431,#432,#433,#434,#435,#436,#437,#438));
#1313=EDGE_LOOP('',(#439,#440,#441,#442,#443,#444,#445,#446,#447,#448,#449,
#450));
#1314=EDGE_LOOP('',(#451,#452,#453,#454,#455,#456,#457,#458,#459,#460,#461,
#462));
#1315=EDGE_LOOP('',(#463,#464,#465,#466,#467,#468,#469,#470));
#1316=EDGE_LOOP('',(#471,#472,#473,#474,#475,#476,#477,#478,#479,#480,#481,
#482));
#1317=EDGE_LOOP('',(#483,#484,#485,#486,#487,#488,#489,#490));
#1318=EDGE_LOOP('',(#491,#492,#493,#494,#495,#496,#497,#498));
#1319=EDGE_LOOP('',(#499,#500,#501,#502,#503,#504,#505,#506,#507,#508,#509,
#510,#511,#512,#513,#514,#515,#516,#517,#518,#519,#520,#521,#522,#523));
#1320=EDGE_LOOP('',(#524,#525,#526,#527,#528,#529,#530,#531,#532,#533,#534,
#535));
#1321=EDGE_LOOP('',(#536,#537,#538,#539,#540,#541,#542,#543));
#1322=EDGE_LOOP('',(#544,#545,#546,#547));
#1323=EDGE_LOOP('',(#548,#549,#550,#551));
#1324=EDGE_LOOP('',(#552,#553,#554,#555));
#1325=EDGE_LOOP('',(#556,#557,#558,#559));
#1326=EDGE_LOOP('',(#560,#561,#562,#563));
#1327=EDGE_LOOP('',(#564,#565,#566,#567));
#1328=EDGE_LOOP('',(#568,#569,#570,#571));
#1329=EDGE_LOOP('',(#572,#573,#574,#575));
#1330=EDGE_LOOP('',(#576,#577,#578,#579));
#1331=EDGE_LOOP('',(#580,#581,#582,#583));
#1332=EDGE_LOOP('',(#584,#585,#586,#587));
#1333=EDGE_LOOP('',(#588,#589,#590,#591));
#1334=EDGE_LOOP('',(#592,#593,#594,#595));
#1335=EDGE_LOOP('',(#596,#597,#598,#599));
#1336=EDGE_LOOP('',(#600,#601,#602,#603));
#1337=EDGE_LOOP('',(#604,#605,#606,#607));
#1338=EDGE_LOOP('',(#608,#609,#610,#611));
#1339=EDGE_LOOP('',(#612,#613,#614,#615));
#1340=EDGE_LOOP('',(#616,#617,#618,#619));
#1341=EDGE_LOOP('',(#620,#621,#622,#623));
#1342=EDGE_LOOP('',(#624,#625,#626,#627));
#1343=EDGE_LOOP('',(#628,#629,#630,#631));
#1344=EDGE_LOOP('',(#632,#633,#634,#635));
#1345=EDGE_LOOP('',(#636,#637,#638,#639));
#1346=EDGE_LOOP('',(#640,#641,#642,#643));
#1347=EDGE_LOOP('',(#644,#645,#646,#647));
#1348=EDGE_LOOP('',(#648,#649,#650,#651));
#1349=EDGE_LOOP('',(#652,#653,#654,#655));
#1350=EDGE_LOOP('',(#656,#657,#658,#659));
#1351=EDGE_LOOP('',(#660,#661,#662,#663));
#1352=EDGE_LOOP('',(#664,#665,#666,#667));
#1353=EDGE_LOOP('',(#668,#669,#670,#671));
#1354=EDGE_LOOP('',(#672,#673,#674,#675));
#1355=EDGE_LOOP('',(#676,#677,#678,#679));
#1356=EDGE_LOOP('',(#680,#681,#682,#683));
#1357=EDGE_LOOP('',(#684,#685,#686,#687));
#1358=EDGE_LOOP('',(#688,#689,#690,#691));
#1359=EDGE_LOOP('',(#692,#693,#694,#695));
#1360=EDGE_LOOP('',(#696,#697,#698,#699));
#1361=EDGE_LOOP('',(#700,#701,#702,#703));
#1362=EDGE_LOOP('',(#704,#705,#706,#707));
#1363=EDGE_LOOP('',(#708,#709,#710,#711));
#1364=EDGE_LOOP('',(#712,#713,#714,#715));
#1365=EDGE_LOOP('',(#716,#717,#718,#719));
#1366=EDGE_LOOP('',(#720,#721,#722,#723));
#1367=EDGE_LOOP('',(#724,#725,#726,#727));
#1368=EDGE_LOOP('',(#728,#729,#730,#731));
#1369=EDGE_LOOP('',(#732,#733,#734,#735));
#1370=EDGE_LOOP('',(#736,#737,#738,#739));
#1371=EDGE_LOOP('',(#740,#741,#742,#743));
#1372=EDGE_LOOP('',(#744,#745,#746,#747));
#1373=EDGE_LOOP('',(#748,#749,#750,#751));
#1374=EDGE_LOOP('',(#752,#753,#754,#755));
#1375=EDGE_LOOP('',(#756,#757,#758,#759));
#1376=EDGE_LOOP('',(#760,#761,#762,#763));
#1377=EDGE_LOOP('',(#764,#765,#766,#767));
#1378=EDGE_LOOP('',(#768,#769,#770,#771));
#1379=EDGE_LOOP('',(#772,#773,#774,#775));
#1380=EDGE_LOOP('',(#776,#777,#778,#779));
#1381=EDGE_LOOP('',(#780,#781,#782,#783));
#1382=EDGE_LOOP('',(#784,#785,#786,#787));
#1383=EDGE_LOOP('',(#788,#789,#790,#791));
#1384=EDGE_LOOP('',(#792,#793,#794,#795));
#1385=EDGE_LOOP('',(#796,#797,#798,#799));
#1386=EDGE_LOOP('',(#800,#801,#802,#803));
#1387=EDGE_LOOP('',(#804,#805,#806,#807));
#1388=EDGE_LOOP('',(#808,#809,#810,#811));
#1389=EDGE_LOOP('',(#812,#813,#814,#815));
#1390=EDGE_LOOP('',(#816,#817,#818,#819));
#1391=EDGE_LOOP('',(#820,#821,#822,#823));
#1392=EDGE_LOOP('',(#824,#825,#826,#827));
#1393=EDGE_LOOP('',(#828,#829,#830,#831));
#1394=EDGE_LOOP('',(#832,#833,#834,#835));
#1395=EDGE_LOOP('',(#836,#837,#838,#839,#840));
#1396=EDGE_LOOP('',(#841,#842,#843,#844));
#1397=EDGE_LOOP('',(#845,#846,#847,#848));
#1398=EDGE_LOOP('',(#849,#850,#851,#852));
#1399=EDGE_LOOP('',(#853,#854,#855,#856));
#1400=EDGE_LOOP('',(#857,#858,#859,#860));
#1401=EDGE_LOOP('',(#861,#862,#863,#864,#865));
#1402=FACE_BOUND('',#1310,.T.);
#1403=FACE_BOUND('',#1311,.T.);
#1404=FACE_BOUND('',#1312,.T.);
#1405=FACE_BOUND('',#1313,.T.);
#1406=FACE_BOUND('',#1314,.T.);
#1407=FACE_BOUND('',#1315,.T.);
#1408=FACE_BOUND('',#1316,.T.);
#1409=FACE_BOUND('',#1317,.T.);
#1410=FACE_BOUND('',#1318,.T.);
#1411=FACE_BOUND('',#1319,.T.);
#1412=FACE_BOUND('',#1320,.T.);
#1413=FACE_BOUND('',#1321,.T.);
#1414=FACE_BOUND('',#1322,.T.);
#1415=FACE_BOUND('',#1323,.T.);
#1416=FACE_BOUND('',#1324,.T.);
#1417=FACE_BOUND('',#1325,.T.);
#1418=FACE_BOUND('',#1326,.T.);
#1419=FACE_BOUND('',#1327,.T.);
#1420=FACE_BOUND('',#1328,.T.);
#1421=FACE_BOUND('',#1329,.T.);
#1422=FACE_BOUND('',#1330,.T.);
#1423=FACE_BOUND('',#1331,.T.);
#1424=FACE_BOUND('',#1332,.T.);
#1425=FACE_BOUND('',#1333,.T.);
#1426=FACE_BOUND('',#1334,.T.);
#1427=FACE_BOUND('',#1335,.T.);
#1428=FACE_BOUND('',#1336,.T.);
#1429=FACE_BOUND('',#1337,.T.);
#1430=FACE_BOUND('',#1338,.T.);
#1431=FACE_BOUND('',#1339,.T.);
#1432=FACE_BOUND('',#1340,.T.);
#1433=FACE_BOUND('',#1341,.T.);
#1434=FACE_BOUND('',#1342,.T.);
#1435=FACE_BOUND('',#1343,.T.);
#1436=FACE_BOUND('',#1344,.T.);
#1437=FACE_BOUND('',#1345,.T.);
#1438=FACE_BOUND('',#1346,.T.);
#1439=FACE_BOUND('',#1347,.T.);
#1440=FACE_BOUND('',#1348,.T.);
#1441=FACE_BOUND('',#1349,.T.);
#1442=FACE_BOUND('',#1350,.T.);
#1443=FACE_BOUND('',#1351,.T.);
#1444=FACE_BOUND('',#1352,.T.);
#1445=FACE_BOUND('',#1353,.T.);
#1446=FACE_BOUND('',#1354,.T.);
#1447=FACE_BOUND('',#1355,.T.);
#1448=FACE_BOUND('',#1356,.T.);
#1449=FACE_BOUND('',#1357,.T.);
#1450=FACE_BOUND('',#1358,.T.);
#1451=FACE_BOUND('',#1359,.T.);
#1452=FACE_BOUND('',#1360,.T.);
#1453=FACE_BOUND('',#1361,.T.);
#1454=FACE_BOUND('',#1362,.T.);
#1455=FACE_BOUND('',#1363,.T.);
#1456=FACE_BOUND('',#1364,.T.);
#1457=FACE_BOUND('',#1365,.T.);
#1458=FACE_BOUND('',#1366,.T.);
#1459=FACE_BOUND('',#1367,.T.);
#1460=FACE_BOUND('',#1368,.T.);
#1461=FACE_BOUND('',#1369,.T.);
#1462=FACE_BOUND('',#1370,.T.);
#1463=FACE_BOUND('',#1371,.T.);
#1464=FACE_BOUND('',#1372,.T.);
#1465=FACE_BOUND('',#1373,.T.);
#1466=FACE_BOUND('',#1374,.T.);
#1467=FACE_BOUND('',#1375,.T.);
#1468=FACE_BOUND('',#1376,.T.);
#1469=FACE_BOUND('',#1377,.T.);
#1470=FACE_BOUND('',#1378,.T.);
#1471=FACE_BOUND('',#1379,.T.);
#1472=FACE_BOUND('',#1380,.T.);
#1473=FACE_BOUND('',#1381,.T.);
#1474=FACE_BOUND('',#1382,.T.);
#1475=FACE_BOUND('',#1383,.T.);
#1476=FACE_BOUND('',#1384,.T.);
#1477=FACE_BOUND('',#1385,.T.);
#1478=FACE_BOUND('',#1386,.T.);
#1479=FACE_BOUND('',#1387,.T.);
#1480=FACE_BOUND('',#1388,.T.);
#1481=FACE_BOUND('',#1389,.T.);
#1482=FACE_BOUND('',#1390,.T.);
#1483=FACE_BOUND('',#1391,.T.);
#1484=FACE_BOUND('',#1392,.T.);
#1485=FACE_BOUND('',#1393,.T.);
#1486=FACE_BOUND('',#1394,.T.);
#1487=FACE_BOUND('',#1395,.T.);
#1488=FACE_BOUND('',#1396,.T.);
#1489=FACE_BOUND('',#1397,.T.);
#1490=FACE_BOUND('',#1398,.T.);
#1491=FACE_BOUND('',#1399,.T.);
#1492=FACE_BOUND('',#1400,.T.);
#1493=FACE_BOUND('',#1401,.T.);
#1494=PLANE('',#1652);
#1495=PLANE('',#1655);
#1496=PLANE('',#1658);
#1497=PLANE('',#1659);
#1498=PLANE('',#1660);
#1499=PLANE('',#1661);
#1500=PLANE('',#1664);
#1501=PLANE('',#1665);
#1502=PLANE('',#1666);
#1503=PLANE('',#1667);
#1504=PLANE('',#1668);
#1505=PLANE('',#1669);
#1506=PLANE('',#1670);
#1507=PLANE('',#1671);
#1508=PLANE('',#1672);
#1509=PLANE('',#1673);
#1510=PLANE('',#1674);
#1511=PLANE('',#1675);
#1512=PLANE('',#1676);
#1513=PLANE('',#1677);
#1514=PLANE('',#1678);
#1515=PLANE('',#1679);
#1516=PLANE('',#1680);
#1517=PLANE('',#1681);
#1518=PLANE('',#1682);
#1519=PLANE('',#1683);
#1520=PLANE('',#1684);
#1521=PLANE('',#1685);
#1522=PLANE('',#1686);
#1523=PLANE('',#1687);
#1524=PLANE('',#1688);
#1525=PLANE('',#1689);
#1526=PLANE('',#1690);
#1527=PLANE('',#1691);
#1528=PLANE('',#1692);
#1529=PLANE('',#1693);
#1530=PLANE('',#1694);
#1531=PLANE('',#1695);
#1532=PLANE('',#1696);
#1533=PLANE('',#1697);
#1534=PLANE('',#1698);
#1535=PLANE('',#1699);
#1536=PLANE('',#1700);
#1537=PLANE('',#1701);
#1538=PLANE('',#1702);
#1539=PLANE('',#1703);
#1540=PLANE('',#1704);
#1541=PLANE('',#1706);
#1542=PLANE('',#1710);
#1543=PLANE('',#1711);
#1544=PLANE('',#1712);
#1545=PLANE('',#1713);
#1546=ADVANCED_FACE('',(#1402,#1403,#1404,#1405,#1406,#1407),#1494,.T.);
#1547=ADVANCED_FACE('',(#1408,#1409,#1410,#1411,#1412,#1413),#1495,.F.);
#1548=ADVANCED_FACE('',(#1414),#1496,.T.);
#1549=ADVANCED_FACE('',(#1415),#1497,.F.);
#1550=ADVANCED_FACE('',(#1416),#17,.T.);
#1551=ADVANCED_FACE('',(#1417),#18,.T.);
#1552=ADVANCED_FACE('',(#1418),#19,.T.);
#1553=ADVANCED_FACE('',(#1419),#20,.T.);
#1554=ADVANCED_FACE('',(#1420),#21,.T.);
#1555=ADVANCED_FACE('',(#1421),#1498,.T.);
#1556=ADVANCED_FACE('',(#1422),#22,.T.);
#1557=ADVANCED_FACE('',(#1423),#23,.T.);
#1558=ADVANCED_FACE('',(#1424),#24,.T.);
#1559=ADVANCED_FACE('',(#1425),#25,.T.);
#1560=ADVANCED_FACE('',(#1426),#26,.T.);
#1561=ADVANCED_FACE('',(#1427),#27,.T.);
#1562=ADVANCED_FACE('',(#1428),#28,.T.);
#1563=ADVANCED_FACE('',(#1429),#29,.T.);
#1564=ADVANCED_FACE('',(#1430),#30,.T.);
#1565=ADVANCED_FACE('',(#1431),#1499,.T.);
#1566=ADVANCED_FACE('',(#1432),#31,.T.);
#1567=ADVANCED_FACE('',(#1433),#32,.T.);
#1568=ADVANCED_FACE('',(#1434),#33,.T.);
#1569=ADVANCED_FACE('',(#1435),#34,.T.);
#1570=ADVANCED_FACE('',(#1436),#35,.T.);
#1571=ADVANCED_FACE('',(#1437),#36,.T.);
#1572=ADVANCED_FACE('',(#1438),#37,.T.);
#1573=ADVANCED_FACE('',(#1439),#38,.T.);
#1574=ADVANCED_FACE('',(#1440),#39,.T.);
#1575=ADVANCED_FACE('',(#1441),#40,.T.);
#1576=ADVANCED_FACE('',(#1442),#14,.T.);
#1577=ADVANCED_FACE('',(#1443),#15,.T.);
#1578=ADVANCED_FACE('',(#1444),#1500,.T.);
#1579=ADVANCED_FACE('',(#1445),#41,.T.);
#1580=ADVANCED_FACE('',(#1446),#42,.T.);
#1581=ADVANCED_FACE('',(#1447),#1501,.T.);
#1582=ADVANCED_FACE('',(#1448),#1502,.T.);
#1583=ADVANCED_FACE('',(#1449),#1503,.T.);
#1584=ADVANCED_FACE('',(#1450),#1504,.T.);
#1585=ADVANCED_FACE('',(#1451),#1505,.T.);
#1586=ADVANCED_FACE('',(#1452),#1506,.T.);
#1587=ADVANCED_FACE('',(#1453),#1507,.T.);
#1588=ADVANCED_FACE('',(#1454),#1508,.T.);
#1589=ADVANCED_FACE('',(#1455),#1509,.T.);
#1590=ADVANCED_FACE('',(#1456),#1510,.T.);
#1591=ADVANCED_FACE('',(#1457),#1511,.T.);
#1592=ADVANCED_FACE('',(#1458),#1512,.T.);
#1593=ADVANCED_FACE('',(#1459),#1513,.T.);
#1594=ADVANCED_FACE('',(#1460),#1514,.T.);
#1595=ADVANCED_FACE('',(#1461),#1515,.T.);
#1596=ADVANCED_FACE('',(#1462),#1516,.T.);
#1597=ADVANCED_FACE('',(#1463),#1517,.T.);
#1598=ADVANCED_FACE('',(#1464),#1518,.T.);
#1599=ADVANCED_FACE('',(#1465),#1519,.T.);
#1600=ADVANCED_FACE('',(#1466),#1520,.T.);
#1601=ADVANCED_FACE('',(#1467),#1521,.T.);
#1602=ADVANCED_FACE('',(#1468),#1522,.T.);
#1603=ADVANCED_FACE('',(#1469),#1523,.T.);
#1604=ADVANCED_FACE('',(#1470),#1524,.T.);
#1605=ADVANCED_FACE('',(#1471),#1525,.T.);
#1606=ADVANCED_FACE('',(#1472),#1526,.T.);
#1607=ADVANCED_FACE('',(#1473),#1527,.T.);
#1608=ADVANCED_FACE('',(#1474),#1528,.T.);
#1609=ADVANCED_FACE('',(#1475),#1529,.T.);
#1610=ADVANCED_FACE('',(#1476),#1530,.T.);
#1611=ADVANCED_FACE('',(#1477),#1531,.T.);
#1612=ADVANCED_FACE('',(#1478),#1532,.T.);
#1613=ADVANCED_FACE('',(#1479),#1533,.T.);
#1614=ADVANCED_FACE('',(#1480),#1534,.T.);
#1615=ADVANCED_FACE('',(#1481),#1535,.T.);
#1616=ADVANCED_FACE('',(#1482),#1536,.T.);
#1617=ADVANCED_FACE('',(#1483),#1537,.T.);
#1618=ADVANCED_FACE('',(#1484),#1538,.T.);
#1619=ADVANCED_FACE('',(#1485),#1539,.T.);
#1620=ADVANCED_FACE('',(#1486),#1540,.T.);
#1621=ADVANCED_FACE('',(#1487),#1541,.F.);
#1622=ADVANCED_FACE('',(#1488),#43,.T.);
#1623=ADVANCED_FACE('',(#1489),#16,.F.);
#1624=ADVANCED_FACE('',(#1490),#1542,.T.);
#1625=ADVANCED_FACE('',(#1491),#1543,.T.);
#1626=ADVANCED_FACE('',(#1492),#1544,.T.);
#1627=ADVANCED_FACE('',(#1493),#1545,.T.);
#1628=CLOSED_SHELL('',(#1546,#1547,#1548,#1549,#1550,#1551,#1552,#1553,
#1554,#1555,#1556,#1557,#1558,#1559,#1560,#1561,#1562,#1563,#1564,#1565,
#1566,#1567,#1568,#1569,#1570,#1571,#1572,#1573,#1574,#1575,#1576,#1577,
#1578,#1579,#1580,#1581,#1582,#1583,#1584,#1585,#1586,#1587,#1588,#1589,
#1590,#1591,#1592,#1593,#1594,#1595,#1596,#1597,#1598,#1599,#1600,#1601,
#1602,#1603,#1604,#1605,#1606,#1607,#1608,#1609,#1610,#1611,#1612,#1613,
#1614,#1615,#1616,#1617,#1618,#1619,#1620));
#1629=CLOSED_SHELL('',(#1621,#1622,#1623,#1624,#1625,#1626,#1627));
#1630=STYLED_ITEM('',(#1632),#1645);
#1631=STYLED_ITEM('',(#1633),#1646);
#1632=PRESENTATION_STYLE_ASSIGNMENT((#1634));
#1633=PRESENTATION_STYLE_ASSIGNMENT((#1635));
#1634=SURFACE_STYLE_USAGE(.BOTH.,#1636);
#1635=SURFACE_STYLE_USAGE(.BOTH.,#1637);
#1636=SURFACE_SIDE_STYLE('',(#1638));
#1637=SURFACE_SIDE_STYLE('',(#1639));
#1638=SURFACE_STYLE_FILL_AREA(#1640);
#1639=SURFACE_STYLE_FILL_AREA(#1641);
#1640=FILL_AREA_STYLE('',(#1642));
#1641=FILL_AREA_STYLE('',(#1643));
#1642=FILL_AREA_STYLE_COLOUR('',#1644);
#1643=FILL_AREA_STYLE_COLOUR('',#1644);
#1644=COLOUR_RGB('',0.615686274509804,0.811764705882353,0.929411764705882);
#1645=MANIFOLD_SOLID_BREP('Part 1',#1628);
#1646=MANIFOLD_SOLID_BREP('Part 2',#1629);
#1647=SHAPE_DEFINITION_REPRESENTATION(#3275,#1649);
#1648=SHAPE_DEFINITION_REPRESENTATION(#3276,#1650);
#1649=SHAPE_REPRESENTATION('Part 1',(#1651),#3265);
#1650=SHAPE_REPRESENTATION('Part 2',(#1705),#3266);
#1651=AXIS2_PLACEMENT_3D('',#2014,#1714,#1715);
#1652=AXIS2_PLACEMENT_3D('',#2015,#1716,#1717);
#1653=AXIS2_PLACEMENT_3D('',#2035,#1719,#1720);
#1654=AXIS2_PLACEMENT_3D('',#2037,#1721,#1722);
#1655=AXIS2_PLACEMENT_3D('',#2336,#1767,#1768);
#1656=AXIS2_PLACEMENT_3D('',#2604,#1793,#1794);
#1657=AXIS2_PLACEMENT_3D('',#2606,#1795,#1796);
#1658=AXIS2_PLACEMENT_3D('',#2657,#1818,#1819);
#1659=AXIS2_PLACEMENT_3D('',#2660,#1822,#1823);
#1660=AXIS2_PLACEMENT_3D('',#2941,#1830,#1831);
#1661=AXIS2_PLACEMENT_3D('',#3024,#1842,#1843);
#1662=AXIS2_PLACEMENT_3D('',#3116,#1855,#1856);
#1663=AXIS2_PLACEMENT_3D('',#3118,#1858,#1859);
#1664=AXIS2_PLACEMENT_3D('',#3120,#1861,#1862);
#1665=AXIS2_PLACEMENT_3D('',#3139,#1865,#1866);
#1666=AXIS2_PLACEMENT_3D('',#3142,#1869,#1870);
#1667=AXIS2_PLACEMENT_3D('',#3144,#1872,#1873);
#1668=AXIS2_PLACEMENT_3D('',#3146,#1875,#1876);
#1669=AXIS2_PLACEMENT_3D('',#3148,#1878,#1879);
#1670=AXIS2_PLACEMENT_3D('',#3150,#1881,#1882);
#1671=AXIS2_PLACEMENT_3D('',#3152,#1884,#1885);
#1672=AXIS2_PLACEMENT_3D('',#3154,#1887,#1888);
#1673=AXIS2_PLACEMENT_3D('',#3155,#1889,#1890);
#1674=AXIS2_PLACEMENT_3D('',#3158,#1893,#1894);
#1675=AXIS2_PLACEMENT_3D('',#3160,#1896,#1897);
#1676=AXIS2_PLACEMENT_3D('',#3162,#1899,#1900);
#1677=AXIS2_PLACEMENT_3D('',#3164,#1902,#1903);
#1678=AXIS2_PLACEMENT_3D('',#3166,#1905,#1906);
#1679=AXIS2_PLACEMENT_3D('',#3168,#1908,#1909);
#1680=AXIS2_PLACEMENT_3D('',#3170,#1911,#1912);
#1681=AXIS2_PLACEMENT_3D('',#3172,#1914,#1915);
#1682=AXIS2_PLACEMENT_3D('',#3174,#1917,#1918);
#1683=AXIS2_PLACEMENT_3D('',#3176,#1920,#1921);
#1684=AXIS2_PLACEMENT_3D('',#3178,#1923,#1924);
#1685=AXIS2_PLACEMENT_3D('',#3179,#1925,#1926);
#1686=AXIS2_PLACEMENT_3D('',#3182,#1929,#1930);
#1687=AXIS2_PLACEMENT_3D('',#3184,#1932,#1933);
#1688=AXIS2_PLACEMENT_3D('',#3186,#1935,#1936);
#1689=AXIS2_PLACEMENT_3D('',#3188,#1938,#1939);
#1690=AXIS2_PLACEMENT_3D('',#3190,#1941,#1942);
#1691=AXIS2_PLACEMENT_3D('',#3192,#1944,#1945);
#1692=AXIS2_PLACEMENT_3D('',#3194,#1947,#1948);
#1693=AXIS2_PLACEMENT_3D('',#3196,#1950,#1951);
#1694=AXIS2_PLACEMENT_3D('',#3198,#1953,#1954);
#1695=AXIS2_PLACEMENT_3D('',#3200,#1956,#1957);
#1696=AXIS2_PLACEMENT_3D('',#3202,#1959,#1960);
#1697=AXIS2_PLACEMENT_3D('',#3203,#1961,#1962);
#1698=AXIS2_PLACEMENT_3D('',#3206,#1965,#1966);
#1699=AXIS2_PLACEMENT_3D('',#3208,#1968,#1969);
#1700=AXIS2_PLACEMENT_3D('',#3210,#1971,#1972);
#1701=AXIS2_PLACEMENT_3D('',#3212,#1974,#1975);
#1702=AXIS2_PLACEMENT_3D('',#3214,#1977,#1978);
#1703=AXIS2_PLACEMENT_3D('',#3216,#1980,#1981);
#1704=AXIS2_PLACEMENT_3D('',#3218,#1983,#1984);
#1705=AXIS2_PLACEMENT_3D('',#3219,#1985,#1986);
#1706=AXIS2_PLACEMENT_3D('',#3220,#1987,#1988);
#1707=AXIS2_PLACEMENT_3D('',#3228,#1992,#1993);
#1708=AXIS2_PLACEMENT_3D('',#3248,#1996,#1997);
#1709=AXIS2_PLACEMENT_3D('',#3249,#1998,#1999);
#1710=AXIS2_PLACEMENT_3D('',#3252,#2001,#2002);
#1711=AXIS2_PLACEMENT_3D('',#3256,#2005,#2006);
#1712=AXIS2_PLACEMENT_3D('',#3260,#2009,#2010);
#1713=AXIS2_PLACEMENT_3D('',#3262,#2012,#2013);
#1714=DIRECTION('',(0.,0.,1.));
#1715=DIRECTION('',(1.,0.,0.));
#1716=DIRECTION('',(0.,0.,1.));
#1717=DIRECTION('',(1.,0.,0.));
#1718=DIRECTION('',(0.,1.,0.));
#1719=DIRECTION('',(0.,0.,1.));
#1720=DIRECTION('',(1.,0.,0.));
#1721=DIRECTION('',(0.,0.,1.));
#1722=DIRECTION('',(1.,0.,0.));
#1723=DIRECTION('',(-0.338142350146585,-0.941094974504351,0.));
#1724=DIRECTION('',(1.,0.,0.));
#1725=DIRECTION('',(-0.0111351687803375,-0.999938002086246,0.));
#1726=DIRECTION('',(0.,-1.,0.));
#1727=DIRECTION('',(-1.,0.,0.));
#1728=DIRECTION('',(-0.364640966502902,0.931148197414262,0.));
#1729=DIRECTION('',(-1.,0.,0.));
#1730=DIRECTION('',(-0.360741980673225,-0.932665654658709,0.));
#1731=DIRECTION('',(-1.,0.,0.));
#1732=DIRECTION('',(0.366279776202125,0.930504769222233,0.));
#1733=DIRECTION('',(1.,0.,0.));
#1734=DIRECTION('',(0.364697763408864,-0.931125953544724,0.));
#1735=DIRECTION('',(0.535352709499752,-0.844628602659935,0.));
#1736=DIRECTION('',(-1.,0.,0.));
#1737=DIRECTION('',(-0.521535901902496,0.853229337884458,0.));
#1738=DIRECTION('',(-0.528288345692553,-0.849065029197073,0.));
#1739=DIRECTION('',(-1.,0.,0.));
#1740=DIRECTION('',(0.536715442688803,0.8437633160901,0.));
#1741=DIRECTION('',(-0.544542206604169,0.838733441104302,0.));
#1742=DIRECTION('',(1.,0.,0.));
#1743=DIRECTION('',(0.530924477786136,-0.847419140029017,0.));
#1744=DIRECTION('',(0.53427410035368,0.845311295140001,0.));
#1745=DIRECTION('',(1.,0.,0.));
#1746=DIRECTION('',(-0.547447402562675,-0.836840093104639,0.));
#1747=DIRECTION('',(0.,-1.,0.));
#1748=DIRECTION('',(-1.,0.,0.));
#1749=DIRECTION('',(0.,1.,0.));
#1750=DIRECTION('',(1.,0.,0.));
#1751=DIRECTION('',(0.,-1.,0.));
#1752=DIRECTION('',(-1.,0.,0.));
#1753=DIRECTION('',(0.,-1.,0.));
#1754=DIRECTION('',(1.,0.,0.));
#1755=DIRECTION('',(0.,-1.,0.));
#1756=DIRECTION('',(-1.,0.,0.));
#1757=DIRECTION('',(0.,-1.,0.));
#1758=DIRECTION('',(1.,0.,0.));
#1759=DIRECTION('',(0.,-1.,0.));
#1760=DIRECTION('',(-1.,0.,0.));
#1761=DIRECTION('',(0.,1.,0.));
#1762=DIRECTION('',(-1.,0.,0.));
#1763=DIRECTION('',(0.,1.,0.));
#1764=DIRECTION('',(1.,0.,0.));
#1765=DIRECTION('',(0.,-1.,0.));
#1766=DIRECTION('',(-1.,0.,0.));
#1767=DIRECTION('',(0.,0.,1.));
#1768=DIRECTION('',(1.,0.,0.));
#1769=DIRECTION('',(-1.,0.,0.));
#1770=DIRECTION('',(0.,-1.,0.));
#1771=DIRECTION('',(1.,0.,0.));
#1772=DIRECTION('',(0.,-1.,0.));
#1773=DIRECTION('',(-1.,0.,0.));
#1774=DIRECTION('',(0.,-1.,0.));
#1775=DIRECTION('',(1.,0.,0.));
#1776=DIRECTION('',(0.,-1.,0.));
#1777=DIRECTION('',(-1.,0.,0.));
#1778=DIRECTION('',(0.,-1.,0.));
#1779=DIRECTION('',(1.,0.,0.));
#1780=DIRECTION('',(0.,1.,0.));
#1781=DIRECTION('',(-0.364640966502902,0.931148197414262,0.));
#1782=DIRECTION('',(-1.,0.,0.));
#1783=DIRECTION('',(0.364697763408864,-0.931125953544724,0.));
#1784=DIRECTION('',(1.,0.,0.));
#1785=DIRECTION('',(0.366279776202125,0.930504769222233,0.));
#1786=DIRECTION('',(-1.,0.,0.));
#1787=DIRECTION('',(-0.360741980673225,-0.932665654658709,0.));
#1788=DIRECTION('',(-1.,0.,0.));
#1789=DIRECTION('',(1.,0.,0.));
#1790=DIRECTION('',(0.,-1.,0.));
#1791=DIRECTION('',(-0.0111351687803375,-0.999938002086246,0.));
#1792=DIRECTION('',(-0.338142350146585,-0.941094974504351,0.));
#1793=DIRECTION('',(0.,0.,1.));
#1794=DIRECTION('',(1.,0.,0.));
#1795=DIRECTION('',(0.,0.,1.));
#1796=DIRECTION('',(1.,0.,0.));
#1797=DIRECTION('',(0.,1.,0.));
#1798=DIRECTION('',(-1.,0.,0.));
#1799=DIRECTION('',(0.535352709499752,-0.844628602659935,0.));
#1800=DIRECTION('',(-0.547447402562675,-0.836840093104639,0.));
#1801=DIRECTION('',(1.,0.,0.));
#1802=DIRECTION('',(0.53427410035368,0.845311295140001,0.));
#1803=DIRECTION('',(0.530924477786136,-0.847419140029017,0.));
#1804=DIRECTION('',(1.,0.,0.));
#1805=DIRECTION('',(-0.544542206604169,0.838733441104302,0.));
#1806=DIRECTION('',(0.536715442688803,0.8437633160901,0.));
#1807=DIRECTION('',(-1.,0.,0.));
#1808=DIRECTION('',(-0.528288345692553,-0.849065029197073,0.));
#1809=DIRECTION('',(-0.521535901902496,0.853229337884458,0.));
#1810=DIRECTION('',(-1.,0.,0.));
#1811=DIRECTION('',(0.,-1.,0.));
#1812=DIRECTION('',(-1.,0.,0.));
#1813=DIRECTION('',(0.,-1.,0.));
#1814=DIRECTION('',(1.,0.,0.));
#1815=DIRECTION('',(0.,1.,0.));
#1816=DIRECTION('',(-1.,0.,0.));
#1817=DIRECTION('',(0.,1.,0.));
#1818=DIRECTION('',(0.,1.,0.));
#1819=DIRECTION('',(0.,0.,1.));
#1820=DIRECTION('',(0.,0.,-1.));
#1821=DIRECTION('',(0.,0.,-1.));
#1822=DIRECTION('',(0.999938002086246,-0.0111351687803375,0.));
#1823=DIRECTION('',(0.0111351687803375,0.999938002086246,0.));
#1824=DIRECTION('',(0.,0.,-1.));
#1825=DIRECTION('',(0.,0.,-1.));
#1826=DIRECTION('',(0.,0.,-1.));
#1827=DIRECTION('',(0.,0.,-1.));
#1828=DIRECTION('',(0.,0.,-1.));
#1829=DIRECTION('',(0.,0.,-1.));
#1830=DIRECTION('',(1.,0.,0.));
#1831=DIRECTION('',(0.,0.,-1.));
#1832=DIRECTION('',(0.,0.,1.));
#1833=DIRECTION('',(0.,0.,1.));
#1834=DIRECTION('',(0.,0.,1.));
#1835=DIRECTION('',(0.,0.,1.));
#1836=DIRECTION('',(0.,0.,1.));
#1837=DIRECTION('',(0.,0.,1.));
#1838=DIRECTION('',(0.,0.,1.));
#1839=DIRECTION('',(0.,0.,1.));
#1840=DIRECTION('',(0.,0.,1.));
#1841=DIRECTION('',(0.,0.,1.));
#1842=DIRECTION('',(-0.941094974504351,0.338142350146585,0.));
#1843=DIRECTION('',(-0.338142350146585,-0.941094974504351,0.));
#1844=DIRECTION('',(0.,0.,1.));
#1845=DIRECTION('',(0.,0.,1.));
#1846=DIRECTION('',(0.,0.,1.));
#1847=DIRECTION('',(0.,0.,1.));
#1848=DIRECTION('',(0.,0.,1.));
#1849=DIRECTION('',(0.,0.,1.));
#1850=DIRECTION('',(0.,0.,1.));
#1851=DIRECTION('',(0.,0.,1.));
#1852=DIRECTION('',(0.,0.,1.));
#1853=DIRECTION('',(0.,0.,1.));
#1854=DIRECTION('',(0.,0.,1.));
#1855=DIRECTION('',(0.,0.,1.));
#1856=DIRECTION('',(-0.103930416659329,-0.994584570809852,0.));
#1857=DIRECTION('',(0.,0.,1.));
#1858=DIRECTION('',(0.,0.,1.));
#1859=DIRECTION('',(-0.293310951628135,-0.956017094855002,0.));
#1860=DIRECTION('',(0.,0.,1.));
#1861=DIRECTION('',(1.,0.,0.));
#1862=DIRECTION('',(0.,0.,-1.));
#1863=DIRECTION('',(0.,0.,1.));
#1864=DIRECTION('',(0.,0.,1.));
#1865=DIRECTION('',(0.931148197414262,0.364640966502902,0.));
#1866=DIRECTION('',(-0.364640966502902,0.931148197414262,0.));
#1867=DIRECTION('',(0.,0.,1.));
#1868=DIRECTION('',(0.,0.,1.));
#1869=DIRECTION('',(0.,1.,0.));
#1870=DIRECTION('',(0.,0.,1.));
#1871=DIRECTION('',(0.,0.,1.));
#1872=DIRECTION('',(-0.931125953544724,-0.364697763408864,0.));
#1873=DIRECTION('',(0.364697763408864,-0.931125953544724,0.));
#1874=DIRECTION('',(0.,0.,1.));
#1875=DIRECTION('',(0.,-1.,0.));
#1876=DIRECTION('',(0.,0.,-1.));
#1877=DIRECTION('',(0.,0.,1.));
#1878=DIRECTION('',(0.930504769222233,-0.366279776202125,0.));
#1879=DIRECTION('',(0.366279776202125,0.930504769222233,0.));
#1880=DIRECTION('',(0.,0.,1.));
#1881=DIRECTION('',(0.,1.,0.));
#1882=DIRECTION('',(0.,0.,1.));
#1883=DIRECTION('',(0.,0.,1.));
#1884=DIRECTION('',(-0.932665654658709,0.360741980673225,0.));
#1885=DIRECTION('',(-0.360741980673225,-0.932665654658709,0.));
#1886=DIRECTION('',(0.,0.,1.));
#1887=DIRECTION('',(0.,1.,0.));
#1888=DIRECTION('',(0.,0.,1.));
#1889=DIRECTION('',(0.,1.,0.));
#1890=DIRECTION('',(0.,0.,1.));
#1891=DIRECTION('',(0.,0.,1.));
#1892=DIRECTION('',(0.,0.,1.));
#1893=DIRECTION('',(-0.844628602659935,-0.535352709499752,0.));
#1894=DIRECTION('',(0.535352709499752,-0.844628602659935,0.));
#1895=DIRECTION('',(0.,0.,1.));
#1896=DIRECTION('',(-0.836840093104639,0.547447402562675,0.));
#1897=DIRECTION('',(-0.547447402562675,-0.836840093104639,0.));
#1898=DIRECTION('',(0.,0.,1.));
#1899=DIRECTION('',(0.,-1.,0.));
#1900=DIRECTION('',(0.,0.,-1.));
#1901=DIRECTION('',(0.,0.,1.));
#1902=DIRECTION('',(0.845311295140001,-0.53427410035368,0.));
#1903=DIRECTION('',(0.53427410035368,0.845311295140001,0.));
#1904=DIRECTION('',(0.,0.,1.));
#1905=DIRECTION('',(-0.847419140029017,-0.530924477786136,0.));
#1906=DIRECTION('',(0.530924477786136,-0.847419140029017,0.));
#1907=DIRECTION('',(0.,0.,1.));
#1908=DIRECTION('',(0.,-1.,0.));
#1909=DIRECTION('',(0.,0.,-1.));
#1910=DIRECTION('',(0.,0.,1.));
#1911=DIRECTION('',(0.838733441104302,0.544542206604169,0.));
#1912=DIRECTION('',(-0.544542206604169,0.838733441104302,0.));
#1913=DIRECTION('',(0.,0.,1.));
#1914=DIRECTION('',(0.8437633160901,-0.536715442688803,0.));
#1915=DIRECTION('',(0.536715442688803,0.8437633160901,0.));
#1916=DIRECTION('',(0.,0.,1.));
#1917=DIRECTION('',(0.,1.,0.));
#1918=DIRECTION('',(0.,0.,1.));
#1919=DIRECTION('',(0.,0.,1.));
#1920=DIRECTION('',(-0.849065029197073,0.528288345692553,0.));
#1921=DIRECTION('',(-0.528288345692553,-0.849065029197073,0.));
#1922=DIRECTION('',(0.,0.,1.));
#1923=DIRECTION('',(0.853229337884458,0.521535901902496,0.));
#1924=DIRECTION('',(-0.521535901902496,0.853229337884458,0.));
#1925=DIRECTION('',(0.,1.,0.));
#1926=DIRECTION('',(0.,0.,1.));
#1927=DIRECTION('',(0.,0.,1.));
#1928=DIRECTION('',(0.,0.,1.));
#1929=DIRECTION('',(-1.,0.,0.));
#1930=DIRECTION('',(0.,0.,1.));
#1931=DIRECTION('',(0.,0.,1.));
#1932=DIRECTION('',(0.,-1.,0.));
#1933=DIRECTION('',(0.,0.,-1.));
#1934=DIRECTION('',(0.,0.,1.));
#1935=DIRECTION('',(-1.,0.,0.));
#1936=DIRECTION('',(0.,0.,1.));
#1937=DIRECTION('',(0.,0.,1.));
#1938=DIRECTION('',(0.,1.,0.));
#1939=DIRECTION('',(0.,0.,1.));
#1940=DIRECTION('',(0.,0.,1.));
#1941=DIRECTION('',(-1.,0.,0.));
#1942=DIRECTION('',(0.,0.,1.));
#1943=DIRECTION('',(0.,0.,1.));
#1944=DIRECTION('',(0.,-1.,0.));
#1945=DIRECTION('',(0.,0.,-1.));
#1946=DIRECTION('',(0.,0.,1.));
#1947=DIRECTION('',(-1.,0.,0.));
#1948=DIRECTION('',(0.,0.,1.));
#1949=DIRECTION('',(0.,0.,1.));
#1950=DIRECTION('',(0.,1.,0.));
#1951=DIRECTION('',(0.,0.,1.));
#1952=DIRECTION('',(0.,0.,1.));
#1953=DIRECTION('',(-1.,0.,0.));
#1954=DIRECTION('',(0.,0.,1.));
#1955=DIRECTION('',(0.,0.,1.));
#1956=DIRECTION('',(0.,-1.,0.));
#1957=DIRECTION('',(0.,0.,-1.));
#1958=DIRECTION('',(0.,0.,1.));
#1959=DIRECTION('',(1.,0.,0.));
#1960=DIRECTION('',(0.,0.,-1.));
#1961=DIRECTION('',(0.,1.,0.));
#1962=DIRECTION('',(0.,0.,1.));
#1963=DIRECTION('',(0.,0.,1.));
#1964=DIRECTION('',(0.,0.,1.));
#1965=DIRECTION('',(-1.,0.,0.));
#1966=DIRECTION('',(0.,0.,1.));
#1967=DIRECTION('',(0.,0.,1.));
#1968=DIRECTION('',(0.,1.,0.));
#1969=DIRECTION('',(0.,0.,1.));
#1970=DIRECTION('',(0.,0.,1.));
#1971=DIRECTION('',(-1.,0.,0.));
#1972=DIRECTION('',(0.,0.,1.));
#1973=DIRECTION('',(0.,0.,1.));
#1974=DIRECTION('',(0.,-1.,0.));
#1975=DIRECTION('',(0.,0.,-1.));
#1976=DIRECTION('',(0.,0.,1.));
#1977=DIRECTION('',(1.,0.,0.));
#1978=DIRECTION('',(0.,0.,-1.));
#1979=DIRECTION('',(0.,0.,1.));
#1980=DIRECTION('',(0.,1.,0.));
#1981=DIRECTION('',(0.,0.,1.));
#1982=DIRECTION('',(0.,0.,1.));
#1983=DIRECTION('',(1.,0.,0.));
#1984=DIRECTION('',(0.,0.,-1.));
#1985=DIRECTION('',(0.,0.,1.));
#1986=DIRECTION('',(1.,0.,0.));
#1987=DIRECTION('',(0.,0.,1.));
#1988=DIRECTION('',(1.,0.,0.));
#1989=DIRECTION('',(-0.351702965156893,0.936111651620601,0.));
#1990=DIRECTION('',(1.,0.,0.));
#1991=DIRECTION('',(-0.354594515857131,-0.935020175891433,0.));
#1992=DIRECTION('',(0.,0.,1.));
#1993=DIRECTION('',(1.,0.,0.));
#1994=DIRECTION('',(0.,0.,1.));
#1995=DIRECTION('',(0.,0.,1.));
#1996=DIRECTION('',(0.,0.,1.));
#1997=DIRECTION('',(0.958684081919021,-0.284472900423016,0.));
#1998=DIRECTION('',(0.,0.,1.));
#1999=DIRECTION('',(1.,0.,0.));
#2000=DIRECTION('',(0.,0.,1.));
#2001=DIRECTION('',(-0.935020175891433,0.354594515857131,0.));
#2002=DIRECTION('',(-0.354594515857131,-0.935020175891433,0.));
#2003=DIRECTION('',(-0.354594515857131,-0.935020175891433,0.));
#2004=DIRECTION('',(0.,0.,1.));
#2005=DIRECTION('',(0.,-1.,0.));
#2006=DIRECTION('',(0.,0.,-1.));
#2007=DIRECTION('',(1.,0.,0.));
#2008=DIRECTION('',(0.,0.,1.));
#2009=DIRECTION('',(0.936111651620601,0.351702965156893,0.));
#2010=DIRECTION('',(-0.351702965156893,0.936111651620601,0.));
#2011=DIRECTION('',(-0.351702965156893,0.936111651620601,0.));
#2012=DIRECTION('',(0.,0.,1.));
#2013=DIRECTION('',(1.,0.,0.));
#2014=CARTESIAN_POINT('',(0.,0.,0.));
#2015=CARTESIAN_POINT('',(0.014047637768525,-0.0202843505627637,0.005));
#2016=CARTESIAN_POINT('',(0.0424865062929328,-0.020817989761773,0.005));
#2017=CARTESIAN_POINT('',(0.0430717126552352,-0.0214552144673912,0.005));
#2018=CARTESIAN_POINT('',(0.0430717126552352,-0.0224695721620487,0.005));
#2019=CARTESIAN_POINT('',(0.0424865062929328,-0.020817989761773,0.005));
#2020=CARTESIAN_POINT('',(0.0430717126552352,-0.0224695721620487,0.005));
#2021=CARTESIAN_POINT('',(0.0430717126552352,-0.0224695721620487,0.005));
#2022=CARTESIAN_POINT('',(0.0430717126552352,-0.0237765330378574,0.005));
#2023=CARTESIAN_POINT('',(0.0421234616052081,-0.0245091247062211,0.005));
#2024=CARTESIAN_POINT('',(0.0421234616052081,-0.0245091247062211,0.005));
#2025=CARTESIAN_POINT('',(0.0421234616052081,-0.0245091247062211,0.005));
#2026=CARTESIAN_POINT('',(0.041175210555181,-0.025241716374585,0.005));
#2027=CARTESIAN_POINT('',(0.0395496373265633,-0.025241716374585,0.005));
#2028=CARTESIAN_POINT('',(0.0395496373265633,-0.025241716374585,0.005));
#2029=CARTESIAN_POINT('',(0.0395496373265633,-0.025241716374585,0.005));
#2030=CARTESIAN_POINT('',(0.037789683377713,-0.025241716374585,0.005));
#2031=CARTESIAN_POINT('',(0.0368403486122002,-0.0247865558705719,0.005));
#2032=CARTESIAN_POINT('',(0.0368403486122002,-0.0247865558705719,0.005));
#2033=CARTESIAN_POINT('',(0.0368403486122002,-0.0242316935418704,0.005));
#2034=CARTESIAN_POINT('',(0.0368403486122002,-0.0236774465499725,0.005));
#2035=CARTESIAN_POINT('',(0.0396182294058145,-0.0169305532465185,0.005));
#2036=CARTESIAN_POINT('',(0.0381690415441345,-0.024081861420609,0.005));
#2037=CARTESIAN_POINT('',(0.0396057370940307,-0.0172793741225544,0.005));
#2038=CARTESIAN_POINT('',(0.0395908185150216,-0.0242316935418704,0.005));
#2039=CARTESIAN_POINT('',(0.0395908185150216,-0.0242316935418704,0.005));
#2040=CARTESIAN_POINT('',(0.040741724360883,-0.0242316935418704,0.005));
#2041=CARTESIAN_POINT('',(0.0413247632922139,-0.0237949562011151,0.005));
#2042=CARTESIAN_POINT('',(0.0413247632922139,-0.0237949562011151,0.005));
#2043=CARTESIAN_POINT('',(0.0413247632922139,-0.0237949562011151,0.005));
#2044=CARTESIAN_POINT('',(0.0419078022235448,-0.0233582188603597,0.005));
#2045=CARTESIAN_POINT('',(0.0419078022235448,-0.0225779437106232,0.005));
#2046=CARTESIAN_POINT('',(0.0419078022235448,-0.0225779437106232,0.005));
#2047=CARTESIAN_POINT('',(0.0419078022235448,-0.0225779437106232,0.005));
#2048=CARTESIAN_POINT('',(0.0419078022235448,-0.0220642625703799,0.005));
#2049=CARTESIAN_POINT('',(0.0417008125657675,-0.0217358967781991,0.005));
#2050=CARTESIAN_POINT('',(0.0417008125657675,-0.0217358967781991,0.005));
#2051=CARTESIAN_POINT('',(0.0417008125657675,-0.0217358967781991,0.005));
#2052=CARTESIAN_POINT('',(0.0414938229079901,-0.0214075309860183,0.005));
#2053=CARTESIAN_POINT('',(0.041009402085862,-0.0211290161061818,0.005));
#2054=CARTESIAN_POINT('',(0.041009402085862,-0.0211290161061818,0.005));
#2055=CARTESIAN_POINT('',(0.041009402085862,-0.0211290161061818,0.005));
#2056=CARTESIAN_POINT('',(0.0405249812637339,-0.0208505012263454,0.005));
#2057=CARTESIAN_POINT('',(0.0395366327407343,-0.0204993774089639,0.005));
#2058=CARTESIAN_POINT('',(0.0395366327407343,-0.0204993774089639,0.005));
#2059=CARTESIAN_POINT('',(0.0395366327407343,-0.0204993774089639,0.005));
#2060=CARTESIAN_POINT('',(0.0381559792118949,-0.0200052031474641,0.005));
#2061=CARTESIAN_POINT('',(0.0375631868411923,-0.0193278809688733,0.005));
#2062=CARTESIAN_POINT('',(0.0375631868411923,-0.0193278809688733,0.005));
#2063=CARTESIAN_POINT('',(0.0375631868411923,-0.0193278809688733,0.005));
#2064=CARTESIAN_POINT('',(0.0369703944704897,-0.0186505587902825,0.005));
#2065=CARTESIAN_POINT('',(0.0369703944704897,-0.0175603410116229,0.005));
#2066=CARTESIAN_POINT('',(0.0369703944704897,-0.0175603410116229,0.005));
#2067=CARTESIAN_POINT('',(0.0369703944704897,-0.0175603410116229,0.005));
#2068=CARTESIAN_POINT('',(0.0369703944704897,-0.0164159374586759,0.005));
#2069=CARTESIAN_POINT('',(0.0378297808506856,-0.0157386152800852,0.005));
#2070=CARTESIAN_POINT('',(0.0378297808506856,-0.0157386152800852,0.005));
#2071=CARTESIAN_POINT('',(0.0378297808506856,-0.0157386152800852,0.005));
#2072=CARTESIAN_POINT('',(0.0386891672308815,-0.0150612931014944,0.005));
#2073=CARTESIAN_POINT('',(0.0401066670862363,-0.0150612931014944,0.005));
#2074=CARTESIAN_POINT('',(0.0401066670862363,-0.0150612931014944,0.005));
#2075=CARTESIAN_POINT('',(0.0401066670862363,-0.0150612931014944,0.005));
#2076=CARTESIAN_POINT('',(0.0415826875778212,-0.0150612931014944,0.005));
#2077=CARTESIAN_POINT('',(0.0428224580935138,-0.015603150844367,0.005));
#2078=CARTESIAN_POINT('',(0.0428224580935138,-0.015603150844367,0.005));
#2079=CARTESIAN_POINT('',(0.0426425613228801,-0.0161038273987813,0.005));
#2080=CARTESIAN_POINT('',(0.0424626645522464,-0.0166045039531956,0.005));
#2081=CARTESIAN_POINT('',(0.0424626645522464,-0.0166045039531956,0.005));
#2082=CARTESIAN_POINT('',(0.0412358986223828,-0.0160908228129523,0.005));
#2083=CARTESIAN_POINT('',(0.0400784904836069,-0.0160908228129523,0.005));
#2084=CARTESIAN_POINT('',(0.0400784904836069,-0.0160908228129523,0.005));
#2085=CARTESIAN_POINT('',(0.0400784904836069,-0.0160908228129523,0.005));
#2086=CARTESIAN_POINT('',(0.039163834613638,-0.0160908228129523,0.005));
#2087=CARTESIAN_POINT('',(0.0386490697579089,-0.0164831278187922,0.005));
#2088=CARTESIAN_POINT('',(0.0386490697579089,-0.0164831278187922,0.005));
#2089=CARTESIAN_POINT('',(0.0386490697579089,-0.0164831278187922,0.005));
#2090=CARTESIAN_POINT('',(0.03813430490218,-0.0168754328246319,0.005));
#2091=CARTESIAN_POINT('',(0.03813430490218,-0.0175733455974518,0.005));
#2092=CARTESIAN_POINT('',(0.03813430490218,-0.0175733455974518,0.005));
#2093=CARTESIAN_POINT('',(0.03813430490218,-0.0175733455974518,0.005));
#2094=CARTESIAN_POINT('',(0.03813430490218,-0.018087026737695,0.005));
#2095=CARTESIAN_POINT('',(0.0383239551121854,-0.0184164762453616,0.005));
#2096=CARTESIAN_POINT('',(0.0383239551121854,-0.0184164762453616,0.005));
#2097=CARTESIAN_POINT('',(0.0383239551121854,-0.0184164762453616,0.005));
#2098=CARTESIAN_POINT('',(0.0385136053221908,-0.0187459257530282,0.005));
#2099=CARTESIAN_POINT('',(0.0389644309642608,-0.0190201057709217,0.005));
#2100=CARTESIAN_POINT('',(0.0389644309642608,-0.0190201057709217,0.005));
#2101=CARTESIAN_POINT('',(0.0389644309642608,-0.0190201057709217,0.005));
#2102=CARTESIAN_POINT('',(0.0394152566063308,-0.0192942857888152,0.005));
#2103=CARTESIAN_POINT('',(0.0403429170621287,-0.0196259027274533,0.005));
#2104=CARTESIAN_POINT('',(0.0403429170621287,-0.0196259027274533,0.005));
#2105=CARTESIAN_POINT('',(0.0403429170621287,-0.0196259027274533,0.005));
#2106=CARTESIAN_POINT('',(0.0419012999306304,-0.0201807650561548,0.005));
#2107=CARTESIAN_POINT('',(0.0424865062929328,-0.020817989761773,0.005));
#2108=CARTESIAN_POINT('',(0.00230144010856747,0.0264979135245085,0.005));
#2109=CARTESIAN_POINT('',(-0.00838281307369471,0.0264979135245085,0.005));
#2110=CARTESIAN_POINT('',(0.0129856932908297,0.0264979135245085,0.005));
#2111=CARTESIAN_POINT('',(-0.00860447809100151,0.00659239804372191,0.005));
#2112=CARTESIAN_POINT('',(-0.00882614310830831,-0.0133131174370646,0.005));
#2113=CARTESIAN_POINT('',(0.0248965416103601,-0.0633729696273804,0.005));
#2114=CARTESIAN_POINT('',(0.0241983645574703,-0.0635406067146582,0.005));
#2115=CARTESIAN_POINT('',(0.0229099478157432,-0.0638499643896049,0.005));
#2116=CARTESIAN_POINT('',(0.0225166416817494,-0.0618651141377589,0.005));
#2117=CARTESIAN_POINT('',(0.0211228279926953,-0.0630419999545623,0.005));
#2118=CARTESIAN_POINT('',(0.0194950535572004,-0.0606410708038295,0.005));
#2119=CARTESIAN_POINT('',(0.019018724469404,-0.0579226392402526,0.005));
#2120=CARTESIAN_POINT('',(0.0166284946565949,-0.0555984119990106,0.005));
#2121=CARTESIAN_POINT('',(0.0192390628811449,-0.052574871795702,0.005));
#2122=CARTESIAN_POINT('',(0.015802188928361,-0.0531386952881846,0.005));
#2123=CARTESIAN_POINT('',(0.0164398225291483,-0.0504241336229592,0.005));
#2124=CARTESIAN_POINT('',(0.013877213077668,-0.0491299506361221,0.005));
#2125=CARTESIAN_POINT('',(0.0116547122836443,-0.0475248265445808,0.005));
#2126=CARTESIAN_POINT('',(0.0108023452684898,-0.042820724280095,0.005));
#2127=CARTESIAN_POINT('',(0.00897221684076913,-0.0441444238623886,0.005));
#2128=CARTESIAN_POINT('',(0.00944720081676201,-0.0396567380993942,0.005));
#2129=CARTESIAN_POINT('',(0.00733040651914147,-0.0372897132775535,0.005));
#2130=CARTESIAN_POINT('',(0.00520099294831441,-0.0370174166180854,0.005));
#2131=CARTESIAN_POINT('',(0.00329008357714435,-0.0335276991109972,0.005));
#2132=CARTESIAN_POINT('',(6.69273919066044E-5,-0.034246568304098,0.005));
#2133=CARTESIAN_POINT('',(-0.00497300753986374,-0.0328241752618049,0.005));
#2134=CARTESIAN_POINT('',(-0.00605485202471397,-0.0361343877483015,0.005));
#2135=CARTESIAN_POINT('',(-0.00757426858535298,-0.0393613584750869,0.005));
#2136=CARTESIAN_POINT('',(-0.0117391059423313,-0.0381826957345688,0.005));
#2137=CARTESIAN_POINT('',(-0.0154460305903623,-0.0357222767323439,0.005));
#2138=CARTESIAN_POINT('',(-0.0193653587160751,-0.0330987200313474,0.005));
#2139=CARTESIAN_POINT('',(-0.0185663485259735,-0.0271403544331449,0.005));
#2140=CARTESIAN_POINT('',(-0.0251697718159401,-0.0233395417149115,0.005));
#2141=CARTESIAN_POINT('',(-0.0273757573199061,-0.0211562482740258,0.005));
#2142=CARTESIAN_POINT('',(-0.0312071689143362,-0.0175931018387138,0.005));
#2143=CARTESIAN_POINT('',(-0.0331535477883015,-0.0152318203323489,0.005));
#2144=CARTESIAN_POINT('',(-0.033699499914984,-0.0135137926090642,0.005));
#2145=CARTESIAN_POINT('',(-0.0329459870615104,-0.0126880462059191,0.005));
#2146=CARTESIAN_POINT('',(-0.0201064427897567,-0.0130207859102416,0.005));
#2147=CARTESIAN_POINT('',(-0.00882614310830831,-0.0133131174370646,0.005));
#2148=CARTESIAN_POINT('',(0.0248965416103601,-0.0633729696273804,0.005));
#2149=CARTESIAN_POINT('',(0.0321645066142082,-0.0561120212078095,0.005));
#2150=CARTESIAN_POINT('',(0.0317670900414396,-0.0569750057432785,0.005));
#2151=CARTESIAN_POINT('',(0.0308002194287321,-0.059074551770645,0.005));
#2152=CARTESIAN_POINT('',(0.0351067263878434,-0.0637592846841274,0.005));
#2153=CARTESIAN_POINT('',(0.0320554809770516,-0.0683870897891045,0.005));
#2154=CARTESIAN_POINT('',(0.0309126648237752,-0.0643716730768116,0.005));
#2155=CARTESIAN_POINT('',(0.0295687166394288,-0.0666602894583037,0.005));
#2156=CARTESIAN_POINT('',(0.0285475268368666,-0.0643556535420427,0.005));
#2157=CARTESIAN_POINT('',(0.0261233543890178,-0.064894207572374,0.005));
#2158=CARTESIAN_POINT('',(0.0252929349224609,-0.0638644941354386,0.005));
#2159=CARTESIAN_POINT('',(0.0248965416103601,-0.0633729696273804,0.005));
#2160=CARTESIAN_POINT('',(0.0321645066142082,-0.0561120212078095,0.005));
#2161=CARTESIAN_POINT('',(0.0572794228792191,-0.0115448897704482,0.005));
#2162=CARTESIAN_POINT('',(0.0568202776270158,-0.0118567265679137,0.005));
#2163=CARTESIAN_POINT('',(0.0558396857044271,-0.012522713297153,0.005));
#2164=CARTESIAN_POINT('',(0.057465360317145,-0.0141650596005647,0.005));
#2165=CARTESIAN_POINT('',(0.0585710316415736,-0.013958208306237,0.005));
#2166=CARTESIAN_POINT('',(0.0579986593660083,-0.0160136131991284,0.005));
#2167=CARTESIAN_POINT('',(0.059400222622552,-0.0179761319431385,0.005));
#2168=CARTESIAN_POINT('',(0.0609039995814221,-0.0191680283145999,0.005));
#2169=CARTESIAN_POINT('',(0.0592639577462402,-0.020960653757266,0.005));
#2170=CARTESIAN_POINT('',(0.061794775452034,-0.0199267858432487,0.005));
#2171=CARTESIAN_POINT('',(0.0606229300640885,-0.0256367674017514,0.005));
#2172=CARTESIAN_POINT('',(0.0585058837102133,-0.0254708746978116,0.005));
#2173=CARTESIAN_POINT('',(0.0605322839803902,-0.0276405236046486,0.005));
#2174=CARTESIAN_POINT('',(0.0574343177559371,-0.0285642320495234,0.005));
#2175=CARTESIAN_POINT('',(0.0592659756842867,-0.0295877266985318,0.005));
#2176=CARTESIAN_POINT('',(0.0584938620444936,-0.030280378146797,0.005));
#2177=CARTESIAN_POINT('',(0.0577857234012304,-0.0322887465291885,0.005));
#2178=CARTESIAN_POINT('',(0.0575642032130065,-0.0340157767426605,0.005));
#2179=CARTESIAN_POINT('',(0.0545862584049836,-0.0335636803859779,0.005));
#2180=CARTESIAN_POINT('',(0.0524737544416311,-0.0359641821442869,0.005));
#2181=CARTESIAN_POINT('',(0.0512742972205645,-0.0347809407129063,0.005));
#2182=CARTESIAN_POINT('',(0.0533845371054206,-0.0341036097160642,0.005));
#2183=CARTESIAN_POINT('',(0.0493313937482248,-0.0310941788456184,0.005));
#2184=CARTESIAN_POINT('',(0.0515005508198087,-0.0355076326406429,0.005));
#2185=CARTESIAN_POINT('',(0.0497426420809664,-0.0359706379679573,0.005));
#2186=CARTESIAN_POINT('',(0.0520519669865637,-0.0373362965871785,0.005));
#2187=CARTESIAN_POINT('',(0.0470441498469547,-0.0400304652527533,0.005));
#2188=CARTESIAN_POINT('',(0.0456690807824117,-0.0416499831577741,0.005));
#2189=CARTESIAN_POINT('',(0.0431220376324035,-0.0421256725853325,0.005));
#2190=CARTESIAN_POINT('',(0.0408823715105363,-0.0443722751002301,0.005));
#2191=CARTESIAN_POINT('',(0.040674396257566,-0.0415951354960528,0.005));
#2192=CARTESIAN_POINT('',(0.0387609673261418,-0.0413366315805706,0.005));
#2193=CARTESIAN_POINT('',(0.0390245943655166,-0.0443890819972461,0.005));
#2194=CARTESIAN_POINT('',(0.0405468487254142,-0.0441392275625076,0.005));
#2195=CARTESIAN_POINT('',(0.040948758594179,-0.0454502013334189,0.005));
#2196=CARTESIAN_POINT('',(0.0383520256573013,-0.045267463434671,0.005));
#2197=CARTESIAN_POINT('',(0.0357199516753196,-0.0435237230441681,0.005));
#2198=CARTESIAN_POINT('',(0.0362456202873714,-0.0464971834469722,0.005));
#2199=CARTESIAN_POINT('',(0.0385412707010401,-0.0453219560956034,0.005));
#2200=CARTESIAN_POINT('',(0.038999778229876,-0.0462994888140759,0.005));
#2201=CARTESIAN_POINT('',(0.0357592215179467,-0.0471232847818251,0.005));
#2202=CARTESIAN_POINT('',(0.0351102142311564,-0.0500231226430026,0.005));
#2203=CARTESIAN_POINT('',(0.0316678518424127,-0.0479776342958538,0.005));
#2204=CARTESIAN_POINT('',(0.0341195691875839,-0.0509931681511887,0.005));
#2205=CARTESIAN_POINT('',(0.0331052080147954,-0.0556762937084564,0.005));
#2206=CARTESIAN_POINT('',(0.0285255755746982,-0.053894492027065,0.005));
#2207=CARTESIAN_POINT('',(0.030922586574702,-0.0553552072154983,0.005));
#2208=CARTESIAN_POINT('',(0.0321645066142082,-0.0561120212078094,0.005));
#2209=CARTESIAN_POINT('',(0.0572794228792191,-0.0115448897704482,0.005));
#2210=CARTESIAN_POINT('',(0.0382775142788887,0.00309469294734299,0.005));
#2211=CARTESIAN_POINT('',(0.0389655578637735,0.00281253871858089,0.005));
#2212=CARTESIAN_POINT('',(0.0401762476748235,0.00231605672614405,0.005));
#2213=CARTESIAN_POINT('',(0.0407536873834239,0.00443460674898311,0.005));
#2214=CARTESIAN_POINT('',(0.0418226804451983,0.00128686707323527,0.005));
#2215=CARTESIAN_POINT('',(0.0434579056841203,0.00321638374115405,0.005));
#2216=CARTESIAN_POINT('',(0.0456265936101948,0.00433252223375788,0.005));
#2217=CARTESIAN_POINT('',(0.0456129660986498,0.00239528275048683,0.005));
#2218=CARTESIAN_POINT('',(0.049152355054144,0.00435856421819194,0.005));
#2219=CARTESIAN_POINT('',(0.0485938861075042,0.00225603029383362,0.005));
#2220=CARTESIAN_POINT('',(0.0513461743220224,0.00261162997406299,0.005));
#2221=CARTESIAN_POINT('',(0.0536303210959867,0.00120797744477485,0.005));
#2222=CARTESIAN_POINT('',(0.0551292365232302,0.00143083147257855,0.005));
#2223=CARTESIAN_POINT('',(0.057299284603309,0.00182469629392949,0.005));
#2224=CARTESIAN_POINT('',(0.0566431154466478,0.000358178849046861,0.005));
#2225=CARTESIAN_POINT('',(0.0565695802255384,-0.0108423282027801,0.005));
#2226=CARTESIAN_POINT('',(0.0571547292036866,-0.0114214751183332,0.005));
#2227=CARTESIAN_POINT('',(0.0572794228792191,-0.0115448897704482,0.005));
#2228=CARTESIAN_POINT('',(0.0382775142788887,0.00309469294734299,0.005));
#2229=CARTESIAN_POINT('',(0.0129856932908297,0.0107153672724962,0.005));
#2230=CARTESIAN_POINT('',(0.0130693747542398,0.00956861173690762,0.005));
#2231=CARTESIAN_POINT('',(0.0132248628667324,0.00743783095878863,0.005));
#2232=CARTESIAN_POINT('',(0.0160917376582123,0.00956520234134613,0.005));
#2233=CARTESIAN_POINT('',(0.0159904869058655,0.0055748101314379,0.005));
#2234=CARTESIAN_POINT('',(0.0179084899231842,0.00815423107078618,0.005));
#2235=CARTESIAN_POINT('',(0.0178380934313571,0.00592151907967261,0.005));
#2236=CARTESIAN_POINT('',(0.0203660574993563,0.00714526799913677,0.005));
#2237=CARTESIAN_POINT('',(0.0195936469320434,0.00468135826630089,0.005));
#2238=CARTESIAN_POINT('',(0.0221527732395939,0.00535956509107153,0.005));
#2239=CARTESIAN_POINT('',(0.0243178095791626,0.00632627923280508,0.005));
#2240=CARTESIAN_POINT('',(0.0243422882186825,0.00328686422877077,0.005));
#2241=CARTESIAN_POINT('',(0.0262544468440684,0.00376061955581546,0.005));
#2242=CARTESIAN_POINT('',(0.0275103711944143,0.00562643806242471,0.005));
#2243=CARTESIAN_POINT('',(0.0281183880823891,0.00322740667377452,0.005));
#2244=CARTESIAN_POINT('',(0.0297336052457649,0.00504965015318576,0.005));
#2245=CARTESIAN_POINT('',(0.029433734213238,-0.00058363069188937,0.005));
#2246=CARTESIAN_POINT('',(0.031307351995025,0.00522075584792341,0.005));
#2247=CARTESIAN_POINT('',(0.0339289030318691,0.00151702193526028,0.005));
#2248=CARTESIAN_POINT('',(0.033784506085964,0.00356334992861067,0.005));
#2249=CARTESIAN_POINT('',(0.0355356208114234,0.00406320503512256,0.005));
#2250=CARTESIAN_POINT('',(0.0368203029266796,0.00295325305243261,0.005));
#2251=CARTESIAN_POINT('',(0.0388638077045889,-0.00127507719362645,0.005));
#2252=CARTESIAN_POINT('',(0.0384723143322072,0.0016428065383593,0.005));
#2253=CARTESIAN_POINT('',(0.0382775142788887,0.003094692947343,0.005));
#2254=CARTESIAN_POINT('',(0.0129856932908297,0.0107153672724962,0.005));
#2255=CARTESIAN_POINT('',(0.0129856932908297,0.0186066403985024,0.005));
#2256=CARTESIAN_POINT('',(0.035526885443477,-0.0251051682233811,0.005));
#2257=CARTESIAN_POINT('',(0.0361229289606369,-0.0251051682233811,0.005));
#2258=CARTESIAN_POINT('',(0.0349308419263172,-0.0251051682233811,0.005));
#2259=CARTESIAN_POINT('',(0.0343142078149281,-0.0235305296225932,0.005));
#2260=CARTESIAN_POINT('',(0.0336975737035391,-0.0219558910218055,0.005));
#2261=CARTESIAN_POINT('',(0.0317132906491396,-0.0219558910218055,0.005));
#2262=CARTESIAN_POINT('',(0.0297290075947401,-0.0219558910218055,0.005));
#2263=CARTESIAN_POINT('',(0.0291199594917513,-0.0235305296225932,0.005));
#2264=CARTESIAN_POINT('',(0.0285109113887625,-0.0251051682233811,0.005));
#2265=CARTESIAN_POINT('',(0.0279278724574316,-0.0251051682233811,0.005));
#2266=CARTESIAN_POINT('',(0.0273448335261006,-0.0251051682233811,0.005));
#2267=CARTESIAN_POINT('',(0.0293020236933565,-0.020133081574782,0.005));
#2268=CARTESIAN_POINT('',(0.0312592138606123,-0.015160994926183,0.005));
#2269=CARTESIAN_POINT('',(0.0317436346827405,-0.015160994926183,0.005));
#2270=CARTESIAN_POINT('',(0.0322280555048686,-0.015160994926183,0.005));
#2271=CARTESIAN_POINT('',(0.0341754922327527,-0.020133081574782,0.005));
#2272=CARTESIAN_POINT('',(0.025637981636052,-0.0224977487646781,0.005));
#2273=CARTESIAN_POINT('',(0.0239853155202905,-0.0198903293059751,0.005));
#2274=CARTESIAN_POINT('',(0.0272906477518134,-0.0251051682233811,0.005));
#2275=CARTESIAN_POINT('',(0.0266371673139091,-0.0251051682233811,0.005));
#2276=CARTESIAN_POINT('',(0.0259836868760046,-0.0251051682233811,0.005));
#2277=CARTESIAN_POINT('',(0.0246528842595095,-0.0229279838125189,0.005));
#2278=CARTESIAN_POINT('',(0.0233220816430144,-0.0207507994016567,0.005));
#2279=CARTESIAN_POINT('',(0.0219674372858329,-0.0229279838125189,0.005));
#2280=CARTESIAN_POINT('',(0.0206127929286514,-0.0251051682233811,0.005));
#2281=CARTESIAN_POINT('',(0.0200026611101769,-0.0251051682233811,0.005));
#2282=CARTESIAN_POINT('',(0.0193925292917023,-0.0251051682233811,0.005));
#2283=CARTESIAN_POINT('',(0.0210386931145492,-0.0225172556434215,0.005));
#2284=CARTESIAN_POINT('',(0.0226848569373963,-0.0199293430634619,0.005));
#2285=CARTESIAN_POINT('',(0.021150315809581,-0.0175657595890516,0.005));
#2286=CARTESIAN_POINT('',(0.0196157746817658,-0.0152021761146413,0.005));
#2287=CARTESIAN_POINT('',(0.020252999387384,-0.0152021761146413,0.005));
#2288=CARTESIAN_POINT('',(0.0208902240930022,-0.0152021761146413,0.005));
#2289=CARTESIAN_POINT('',(0.0221191574538372,-0.0171637011438401,0.005));
#2290=CARTESIAN_POINT('',(0.0233480908146723,-0.0191252261730389,0.005));
#2291=CARTESIAN_POINT('',(0.0245878613303648,-0.0171637011438401,0.005));
#2292=CARTESIAN_POINT('',(0.0258276318460573,-0.0152021761146413,0.005));
#2293=CARTESIAN_POINT('',(0.0264399310955034,-0.0152021761146413,0.005));
#2294=CARTESIAN_POINT('',(0.0270522303449495,-0.0152021761146413,0.005));
#2295=CARTESIAN_POINT('',(0.0255187729326199,-0.0175462527103082,0.005));
#2296=CARTESIAN_POINT('',(0.0185060500243627,-0.0245904033676521,0.005));
#2297=CARTESIAN_POINT('',(0.0185060500243627,-0.0240756385119231,0.005));
#2298=CARTESIAN_POINT('',(0.0185060500243627,-0.0251051682233811,0.005));
#2299=CARTESIAN_POINT('',(0.0157458266821697,-0.0251051682233811,0.005));
#2300=CARTESIAN_POINT('',(0.0129856033399766,-0.0251051682233811,0.005));
#2301=CARTESIAN_POINT('',(0.0129856033399766,-0.0201536721690111,0.005));
#2302=CARTESIAN_POINT('',(0.0129856033399766,-0.0152021761146413,0.005));
#2303=CARTESIAN_POINT('',(0.0157458266821697,-0.0152021761146413,0.005));
#2304=CARTESIAN_POINT('',(0.0185060500243627,-0.0152021761146413,0.005));
#2305=CARTESIAN_POINT('',(0.0185060500243627,-0.0157136898239131,0.005));
#2306=CARTESIAN_POINT('',(0.0185060500243627,-0.0162252035331848,0.005));
#2307=CARTESIAN_POINT('',(0.0163212796051003,-0.0162252035331848,0.005));
#2308=CARTESIAN_POINT('',(0.014136509185838,-0.0162252035331848,0.005));
#2309=CARTESIAN_POINT('',(0.014136509185838,-0.0178204327282017,0.005));
#2310=CARTESIAN_POINT('',(0.014136509185838,-0.0194156619232187,0.005));
#2311=CARTESIAN_POINT('',(0.0161890663158395,-0.0194156619232187,0.005));
#2312=CARTESIAN_POINT('',(0.0182416234458408,-0.0194156619232187,0.005));
#2313=CARTESIAN_POINT('',(0.0182416234458408,-0.0199239244860332,0.005));
#2314=CARTESIAN_POINT('',(0.0182416234458408,-0.0204321870488477,0.005));
#2315=CARTESIAN_POINT('',(0.0161890663158395,-0.0204321870488477,0.005));
#2316=CARTESIAN_POINT('',(0.014136509185838,-0.0204321870488477,0.005));
#2317=CARTESIAN_POINT('',(0.014136509185838,-0.0222539127803854,0.005));
#2318=CARTESIAN_POINT('',(0.014136509185838,-0.0240756385119231,0.005));
#2319=CARTESIAN_POINT('',(0.0163212796051003,-0.0240756385119231,0.005));
#2320=CARTESIAN_POINT('',(0.00835813821584452,-0.0206651858782829,0.005));
#2321=CARTESIAN_POINT('',(0.00835813821584452,-0.0162252035331848,0.005));
#2322=CARTESIAN_POINT('',(0.00835813821584452,-0.0251051682233811,0.005));
#2323=CARTESIAN_POINT('',(0.00778268529291381,-0.0251051682233811,0.005));
#2324=CARTESIAN_POINT('',(0.0072072323699831,-0.0251051682233811,0.005));
#2325=CARTESIAN_POINT('',(0.0072072323699831,-0.0206651858782829,0.005));
#2326=CARTESIAN_POINT('',(0.0072072323699831,-0.0162252035331848,0.005));
#2327=CARTESIAN_POINT('',(0.00563909606210978,-0.0162252035331848,0.005));
#2328=CARTESIAN_POINT('',(0.00407095975423646,-0.0162252035331848,0.005));
#2329=CARTESIAN_POINT('',(0.00407095975423646,-0.0157136898239131,0.005));
#2330=CARTESIAN_POINT('',(0.00407095975423646,-0.0152021761146413,0.005));
#2331=CARTESIAN_POINT('',(0.00778268529291381,-0.0152021761146413,0.005));
#2332=CARTESIAN_POINT('',(0.0114944108315912,-0.0152021761146413,0.005));
#2333=CARTESIAN_POINT('',(0.0114944108315912,-0.0157136898239131,0.005));
#2334=CARTESIAN_POINT('',(0.0114944108315912,-0.0162252035331848,0.005));
#2335=CARTESIAN_POINT('',(0.00992627452371784,-0.0162252035331848,0.005));
#2336=CARTESIAN_POINT('',(0.014047637768525,-0.0202843505627637,0.));
#2337=CARTESIAN_POINT('',(0.0157458266821697,-0.0251051682233811,0.));
#2338=CARTESIAN_POINT('',(0.0185060500243627,-0.0251051682233811,0.));
#2339=CARTESIAN_POINT('',(0.0129856033399766,-0.0251051682233811,0.));
#2340=CARTESIAN_POINT('',(0.0185060500243627,-0.0245904033676521,0.));
#2341=CARTESIAN_POINT('',(0.0185060500243627,-0.0240756385119231,0.));
#2342=CARTESIAN_POINT('',(0.0163212796051003,-0.0240756385119231,0.));
#2343=CARTESIAN_POINT('',(0.014136509185838,-0.0240756385119231,0.));
#2344=CARTESIAN_POINT('',(0.014136509185838,-0.0222539127803854,0.));
#2345=CARTESIAN_POINT('',(0.014136509185838,-0.0204321870488477,0.));
#2346=CARTESIAN_POINT('',(0.0161890663158395,-0.0204321870488477,0.));
#2347=CARTESIAN_POINT('',(0.0182416234458408,-0.0204321870488477,0.));
#2348=CARTESIAN_POINT('',(0.0182416234458408,-0.0199239244860332,0.));
#2349=CARTESIAN_POINT('',(0.0182416234458408,-0.0194156619232187,0.));
#2350=CARTESIAN_POINT('',(0.0161890663158395,-0.0194156619232187,0.));
#2351=CARTESIAN_POINT('',(0.014136509185838,-0.0194156619232187,0.));
#2352=CARTESIAN_POINT('',(0.014136509185838,-0.0178204327282017,0.));
#2353=CARTESIAN_POINT('',(0.014136509185838,-0.0162252035331848,0.));
#2354=CARTESIAN_POINT('',(0.0163212796051003,-0.0162252035331848,0.));
#2355=CARTESIAN_POINT('',(0.0185060500243627,-0.0162252035331848,0.));
#2356=CARTESIAN_POINT('',(0.0185060500243627,-0.0157136898239131,0.));
#2357=CARTESIAN_POINT('',(0.0185060500243627,-0.0152021761146413,0.));
#2358=CARTESIAN_POINT('',(0.0157458266821697,-0.0152021761146413,0.));
#2359=CARTESIAN_POINT('',(0.0129856033399766,-0.0152021761146413,0.));
#2360=CARTESIAN_POINT('',(0.0129856033399766,-0.0201536721690111,0.));
#2361=CARTESIAN_POINT('',(0.0343142078149281,-0.0235305296225932,0.));
#2362=CARTESIAN_POINT('',(0.0349308419263172,-0.0251051682233811,0.));
#2363=CARTESIAN_POINT('',(0.0336975737035391,-0.0219558910218055,0.));
#2364=CARTESIAN_POINT('',(0.035526885443477,-0.0251051682233811,0.));
#2365=CARTESIAN_POINT('',(0.0361229289606369,-0.0251051682233811,0.));
#2366=CARTESIAN_POINT('',(0.0341754922327527,-0.020133081574782,0.));
#2367=CARTESIAN_POINT('',(0.0322280555048686,-0.015160994926183,0.));
#2368=CARTESIAN_POINT('',(0.0317436346827405,-0.015160994926183,0.));
#2369=CARTESIAN_POINT('',(0.0312592138606123,-0.015160994926183,0.));
#2370=CARTESIAN_POINT('',(0.0293020236933565,-0.020133081574782,0.));
#2371=CARTESIAN_POINT('',(0.0273448335261006,-0.0251051682233811,0.));
#2372=CARTESIAN_POINT('',(0.0279278724574316,-0.0251051682233811,0.));
#2373=CARTESIAN_POINT('',(0.0285109113887625,-0.0251051682233811,0.));
#2374=CARTESIAN_POINT('',(0.0291199594917513,-0.0235305296225932,0.));
#2375=CARTESIAN_POINT('',(0.0297290075947401,-0.0219558910218055,0.));
#2376=CARTESIAN_POINT('',(0.0317132906491396,-0.0219558910218055,0.));
#2377=CARTESIAN_POINT('',(0.00230144010856747,0.0264979135245085,0.));
#2378=CARTESIAN_POINT('',(-0.00838281307369471,0.0264979135245085,0.));
#2379=CARTESIAN_POINT('',(0.0129856932908297,0.0264979135245085,0.));
#2380=CARTESIAN_POINT('',(0.0129856932908297,0.0186066403985024,0.));
#2381=CARTESIAN_POINT('',(0.0129856932908297,0.0107153672724962,0.));
#2382=CARTESIAN_POINT('',(0.0129856932908297,0.0107153672724962,0.));
#2383=CARTESIAN_POINT('',(0.0130693747542398,0.00956861173690762,0.));
#2384=CARTESIAN_POINT('',(0.0132248628667324,0.00743783095878863,0.));
#2385=CARTESIAN_POINT('',(0.0160917376582123,0.00956520234134613,0.));
#2386=CARTESIAN_POINT('',(0.0159904869058655,0.0055748101314379,0.));
#2387=CARTESIAN_POINT('',(0.0179084899231842,0.00815423107078618,0.));
#2388=CARTESIAN_POINT('',(0.0178380934313571,0.00592151907967261,0.));
#2389=CARTESIAN_POINT('',(0.0203660574993563,0.00714526799913677,0.));
#2390=CARTESIAN_POINT('',(0.0195936469320434,0.00468135826630089,0.));
#2391=CARTESIAN_POINT('',(0.0221527732395939,0.00535956509107153,0.));
#2392=CARTESIAN_POINT('',(0.0243178095791626,0.00632627923280508,0.));
#2393=CARTESIAN_POINT('',(0.0243422882186825,0.00328686422877077,0.));
#2394=CARTESIAN_POINT('',(0.0262544468440684,0.00376061955581546,0.));
#2395=CARTESIAN_POINT('',(0.0275103711944143,0.00562643806242471,0.));
#2396=CARTESIAN_POINT('',(0.0281183880823891,0.00322740667377452,0.));
#2397=CARTESIAN_POINT('',(0.0297336052457649,0.00504965015318576,0.));
#2398=CARTESIAN_POINT('',(0.029433734213238,-0.00058363069188937,0.));
#2399=CARTESIAN_POINT('',(0.031307351995025,0.00522075584792341,0.));
#2400=CARTESIAN_POINT('',(0.0339289030318691,0.00151702193526028,0.));
#2401=CARTESIAN_POINT('',(0.033784506085964,0.00356334992861067,0.));
#2402=CARTESIAN_POINT('',(0.0355356208114234,0.00406320503512256,0.));
#2403=CARTESIAN_POINT('',(0.0368203029266796,0.00295325305243261,0.));
#2404=CARTESIAN_POINT('',(0.0388638077045889,-0.00127507719362645,0.));
#2405=CARTESIAN_POINT('',(0.0384723143322072,0.0016428065383593,0.));
#2406=CARTESIAN_POINT('',(0.0382775142788887,0.003094692947343,0.));
#2407=CARTESIAN_POINT('',(0.0382775142788887,0.00309469294734299,0.));
#2408=CARTESIAN_POINT('',(0.0382775142788887,0.00309469294734299,0.));
#2409=CARTESIAN_POINT('',(0.0389655578637735,0.00281253871858089,0.));
#2410=CARTESIAN_POINT('',(0.0401762476748235,0.00231605672614405,0.));
#2411=CARTESIAN_POINT('',(0.0407536873834239,0.00443460674898311,0.));
#2412=CARTESIAN_POINT('',(0.0418226804451983,0.00128686707323527,0.));
#2413=CARTESIAN_POINT('',(0.0434579056841203,0.00321638374115405,0.));
#2414=CARTESIAN_POINT('',(0.0456265936101948,0.00433252223375788,0.));
#2415=CARTESIAN_POINT('',(0.0456129660986498,0.00239528275048683,0.));
#2416=CARTESIAN_POINT('',(0.049152355054144,0.00435856421819194,0.));
#2417=CARTESIAN_POINT('',(0.0485938861075042,0.00225603029383362,0.));
#2418=CARTESIAN_POINT('',(0.0513461743220224,0.00261162997406299,0.));
#2419=CARTESIAN_POINT('',(0.0536303210959867,0.00120797744477485,0.));
#2420=CARTESIAN_POINT('',(0.0551292365232302,0.00143083147257855,0.));
#2421=CARTESIAN_POINT('',(0.057299284603309,0.00182469629392949,0.));
#2422=CARTESIAN_POINT('',(0.0566431154466478,0.000358178849046861,0.));
#2423=CARTESIAN_POINT('',(0.0565695802255384,-0.0108423282027801,0.));
#2424=CARTESIAN_POINT('',(0.0571547292036866,-0.0114214751183332,0.));
#2425=CARTESIAN_POINT('',(0.0572794228792191,-0.0115448897704482,0.));
#2426=CARTESIAN_POINT('',(0.0572794228792191,-0.0115448897704482,0.));
#2427=CARTESIAN_POINT('',(0.0572794228792191,-0.0115448897704482,0.));
#2428=CARTESIAN_POINT('',(0.0568202776270158,-0.0118567265679137,0.));
#2429=CARTESIAN_POINT('',(0.0558396857044271,-0.012522713297153,0.));
#2430=CARTESIAN_POINT('',(0.057465360317145,-0.0141650596005647,0.));
#2431=CARTESIAN_POINT('',(0.0585710316415736,-0.013958208306237,0.));
#2432=CARTESIAN_POINT('',(0.0579986593660083,-0.0160136131991284,0.));
#2433=CARTESIAN_POINT('',(0.059400222622552,-0.0179761319431385,0.));
#2434=CARTESIAN_POINT('',(0.0609039995814221,-0.0191680283145999,0.));
#2435=CARTESIAN_POINT('',(0.0592639577462402,-0.020960653757266,0.));
#2436=CARTESIAN_POINT('',(0.061794775452034,-0.0199267858432487,0.));
#2437=CARTESIAN_POINT('',(0.0606229300640885,-0.0256367674017514,0.));
#2438=CARTESIAN_POINT('',(0.0585058837102133,-0.0254708746978116,0.));
#2439=CARTESIAN_POINT('',(0.0605322839803902,-0.0276405236046486,0.));
#2440=CARTESIAN_POINT('',(0.0574343177559371,-0.0285642320495234,0.));
#2441=CARTESIAN_POINT('',(0.0592659756842867,-0.0295877266985318,0.));
#2442=CARTESIAN_POINT('',(0.0584938620444936,-0.030280378146797,0.));
#2443=CARTESIAN_POINT('',(0.0577857234012304,-0.0322887465291885,0.));
#2444=CARTESIAN_POINT('',(0.0575642032130065,-0.0340157767426605,0.));
#2445=CARTESIAN_POINT('',(0.0545862584049836,-0.0335636803859779,0.));
#2446=CARTESIAN_POINT('',(0.0524737544416311,-0.0359641821442869,0.));
#2447=CARTESIAN_POINT('',(0.0512742972205645,-0.0347809407129063,0.));
#2448=CARTESIAN_POINT('',(0.0533845371054206,-0.0341036097160642,0.));
#2449=CARTESIAN_POINT('',(0.0493313937482248,-0.0310941788456184,0.));
#2450=CARTESIAN_POINT('',(0.0515005508198087,-0.0355076326406429,0.));
#2451=CARTESIAN_POINT('',(0.0497426420809664,-0.0359706379679573,0.));
#2452=CARTESIAN_POINT('',(0.0520519669865637,-0.0373362965871785,0.));
#2453=CARTESIAN_POINT('',(0.0470441498469547,-0.0400304652527533,0.));
#2454=CARTESIAN_POINT('',(0.0456690807824117,-0.0416499831577741,0.));
#2455=CARTESIAN_POINT('',(0.0431220376324035,-0.0421256725853325,0.));
#2456=CARTESIAN_POINT('',(0.0408823715105363,-0.0443722751002301,0.));
#2457=CARTESIAN_POINT('',(0.040674396257566,-0.0415951354960528,0.));
#2458=CARTESIAN_POINT('',(0.0387609673261418,-0.0413366315805706,0.));
#2459=CARTESIAN_POINT('',(0.0390245943655166,-0.0443890819972461,0.));
#2460=CARTESIAN_POINT('',(0.0405468487254142,-0.0441392275625076,0.));
#2461=CARTESIAN_POINT('',(0.040948758594179,-0.0454502013334189,0.));
#2462=CARTESIAN_POINT('',(0.0383520256573013,-0.045267463434671,0.));
#2463=CARTESIAN_POINT('',(0.0357199516753196,-0.0435237230441681,0.));
#2464=CARTESIAN_POINT('',(0.0362456202873714,-0.0464971834469722,0.));
#2465=CARTESIAN_POINT('',(0.0385412707010401,-0.0453219560956034,0.));
#2466=CARTESIAN_POINT('',(0.038999778229876,-0.0462994888140759,0.));
#2467=CARTESIAN_POINT('',(0.0357592215179467,-0.0471232847818251,0.));
#2468=CARTESIAN_POINT('',(0.0351102142311564,-0.0500231226430026,0.));
#2469=CARTESIAN_POINT('',(0.0316678518424127,-0.0479776342958538,0.));
#2470=CARTESIAN_POINT('',(0.0341195691875839,-0.0509931681511887,0.));
#2471=CARTESIAN_POINT('',(0.0331052080147954,-0.0556762937084564,0.));
#2472=CARTESIAN_POINT('',(0.0285255755746982,-0.053894492027065,0.));
#2473=CARTESIAN_POINT('',(0.030922586574702,-0.0553552072154983,0.));
#2474=CARTESIAN_POINT('',(0.0321645066142082,-0.0561120212078094,0.));
#2475=CARTESIAN_POINT('',(0.0321645066142082,-0.0561120212078095,0.));
#2476=CARTESIAN_POINT('',(0.0321645066142082,-0.0561120212078095,0.));
#2477=CARTESIAN_POINT('',(0.0317670900414396,-0.0569750057432785,0.));
#2478=CARTESIAN_POINT('',(0.0308002194287321,-0.059074551770645,0.));
#2479=CARTESIAN_POINT('',(0.0351067263878434,-0.0637592846841274,0.));
#2480=CARTESIAN_POINT('',(0.0320554809770516,-0.0683870897891045,0.));
#2481=CARTESIAN_POINT('',(0.0309126648237752,-0.0643716730768116,0.));
#2482=CARTESIAN_POINT('',(0.0295687166394288,-0.0666602894583037,0.));
#2483=CARTESIAN_POINT('',(0.0285475268368666,-0.0643556535420427,0.));
#2484=CARTESIAN_POINT('',(0.0261233543890178,-0.064894207572374,0.));
#2485=CARTESIAN_POINT('',(0.0252929349224609,-0.0638644941354386,0.));
#2486=CARTESIAN_POINT('',(0.0248965416103601,-0.0633729696273804,0.));
#2487=CARTESIAN_POINT('',(0.0248965416103601,-0.0633729696273804,0.));
#2488=CARTESIAN_POINT('',(0.0248965416103601,-0.0633729696273804,0.));
#2489=CARTESIAN_POINT('',(0.0241983645574703,-0.0635406067146582,0.));
#2490=CARTESIAN_POINT('',(0.0229099478157432,-0.0638499643896049,0.));
#2491=CARTESIAN_POINT('',(0.0225166416817494,-0.0618651141377589,0.));
#2492=CARTESIAN_POINT('',(0.0211228279926953,-0.0630419999545623,0.));
#2493=CARTESIAN_POINT('',(0.0194950535572004,-0.0606410708038295,0.));
#2494=CARTESIAN_POINT('',(0.019018724469404,-0.0579226392402526,0.));
#2495=CARTESIAN_POINT('',(0.0166284946565949,-0.0555984119990106,0.));
#2496=CARTESIAN_POINT('',(0.0192390628811449,-0.052574871795702,0.));
#2497=CARTESIAN_POINT('',(0.015802188928361,-0.0531386952881846,0.));
#2498=CARTESIAN_POINT('',(0.0164398225291483,-0.0504241336229592,0.));
#2499=CARTESIAN_POINT('',(0.013877213077668,-0.0491299506361221,0.));
#2500=CARTESIAN_POINT('',(0.0116547122836443,-0.0475248265445808,0.));
#2501=CARTESIAN_POINT('',(0.0108023452684898,-0.042820724280095,0.));
#2502=CARTESIAN_POINT('',(0.00897221684076913,-0.0441444238623886,0.));
#2503=CARTESIAN_POINT('',(0.00944720081676201,-0.0396567380993942,0.));
#2504=CARTESIAN_POINT('',(0.00733040651914147,-0.0372897132775535,0.));
#2505=CARTESIAN_POINT('',(0.00520099294831441,-0.0370174166180854,0.));
#2506=CARTESIAN_POINT('',(0.00329008357714435,-0.0335276991109972,0.));
#2507=CARTESIAN_POINT('',(6.69273919066044E-5,-0.034246568304098,0.));
#2508=CARTESIAN_POINT('',(-0.00497300753986374,-0.0328241752618049,0.));
#2509=CARTESIAN_POINT('',(-0.00605485202471397,-0.0361343877483015,0.));
#2510=CARTESIAN_POINT('',(-0.00757426858535298,-0.0393613584750869,0.));
#2511=CARTESIAN_POINT('',(-0.0117391059423313,-0.0381826957345688,0.));
#2512=CARTESIAN_POINT('',(-0.0154460305903623,-0.0357222767323439,0.));
#2513=CARTESIAN_POINT('',(-0.0193653587160751,-0.0330987200313474,0.));
#2514=CARTESIAN_POINT('',(-0.0185663485259735,-0.0271403544331449,0.));
#2515=CARTESIAN_POINT('',(-0.0251697718159401,-0.0233395417149115,0.));
#2516=CARTESIAN_POINT('',(-0.0273757573199061,-0.0211562482740258,0.));
#2517=CARTESIAN_POINT('',(-0.0312071689143362,-0.0175931018387138,0.));
#2518=CARTESIAN_POINT('',(-0.0331535477883015,-0.0152318203323489,0.));
#2519=CARTESIAN_POINT('',(-0.033699499914984,-0.0135137926090642,0.));
#2520=CARTESIAN_POINT('',(-0.0329459870615104,-0.0126880462059191,0.));
#2521=CARTESIAN_POINT('',(-0.0201064427897567,-0.0130207859102416,0.));
#2522=CARTESIAN_POINT('',(-0.00882614310830831,-0.0133131174370646,0.));
#2523=CARTESIAN_POINT('',(-0.00882614310830831,-0.0133131174370646,0.));
#2524=CARTESIAN_POINT('',(-0.00860447809100151,0.00659239804372191,0.));
#2525=CARTESIAN_POINT('',(0.0430717126552352,-0.0224695721620487,0.));
#2526=CARTESIAN_POINT('',(0.0430717126552352,-0.0237765330378574,0.));
#2527=CARTESIAN_POINT('',(0.0421234616052081,-0.0245091247062211,0.));
#2528=CARTESIAN_POINT('',(0.0430717126552352,-0.0224695721620487,0.));
#2529=CARTESIAN_POINT('',(0.0421234616052081,-0.0245091247062211,0.));
#2530=CARTESIAN_POINT('',(0.0424865062929328,-0.020817989761773,0.));
#2531=CARTESIAN_POINT('',(0.0430717126552352,-0.0214552144673912,0.));
#2532=CARTESIAN_POINT('',(0.0430717126552352,-0.0224695721620487,0.));
#2533=CARTESIAN_POINT('',(0.0424865062929328,-0.020817989761773,0.));
#2534=CARTESIAN_POINT('',(0.0403429170621287,-0.0196259027274533,0.));
#2535=CARTESIAN_POINT('',(0.0419012999306304,-0.0201807650561548,0.));
#2536=CARTESIAN_POINT('',(0.0424865062929328,-0.020817989761773,0.));
#2537=CARTESIAN_POINT('',(0.0403429170621287,-0.0196259027274533,0.));
#2538=CARTESIAN_POINT('',(0.0389644309642608,-0.0190201057709217,0.));
#2539=CARTESIAN_POINT('',(0.0394152566063308,-0.0192942857888152,0.));
#2540=CARTESIAN_POINT('',(0.0403429170621287,-0.0196259027274533,0.));
#2541=CARTESIAN_POINT('',(0.0389644309642608,-0.0190201057709217,0.));
#2542=CARTESIAN_POINT('',(0.0383239551121854,-0.0184164762453616,0.));
#2543=CARTESIAN_POINT('',(0.0385136053221908,-0.0187459257530282,0.));
#2544=CARTESIAN_POINT('',(0.0389644309642608,-0.0190201057709217,0.));
#2545=CARTESIAN_POINT('',(0.0383239551121854,-0.0184164762453616,0.));
#2546=CARTESIAN_POINT('',(0.03813430490218,-0.0175733455974518,0.));
#2547=CARTESIAN_POINT('',(0.03813430490218,-0.018087026737695,0.));
#2548=CARTESIAN_POINT('',(0.0383239551121854,-0.0184164762453616,0.));
#2549=CARTESIAN_POINT('',(0.03813430490218,-0.0175733455974518,0.));
#2550=CARTESIAN_POINT('',(0.0386490697579089,-0.0164831278187922,0.));
#2551=CARTESIAN_POINT('',(0.03813430490218,-0.0168754328246319,0.));
#2552=CARTESIAN_POINT('',(0.03813430490218,-0.0175733455974518,0.));
#2553=CARTESIAN_POINT('',(0.0386490697579089,-0.0164831278187922,0.));
#2554=CARTESIAN_POINT('',(0.0400784904836069,-0.0160908228129523,0.));
#2555=CARTESIAN_POINT('',(0.039163834613638,-0.0160908228129523,0.));
#2556=CARTESIAN_POINT('',(0.0386490697579089,-0.0164831278187922,0.));
#2557=CARTESIAN_POINT('',(0.0400784904836069,-0.0160908228129523,0.));
#2558=CARTESIAN_POINT('',(0.0424626645522464,-0.0166045039531956,0.));
#2559=CARTESIAN_POINT('',(0.0412358986223828,-0.0160908228129523,0.));
#2560=CARTESIAN_POINT('',(0.0400784904836069,-0.0160908228129523,0.));
#2561=CARTESIAN_POINT('',(0.0424626645522464,-0.0166045039531956,0.));
#2562=CARTESIAN_POINT('',(0.0426425613228801,-0.0161038273987813,0.));
#2563=CARTESIAN_POINT('',(0.0428224580935138,-0.015603150844367,0.));
#2564=CARTESIAN_POINT('',(0.0401066670862363,-0.0150612931014944,0.));
#2565=CARTESIAN_POINT('',(0.0415826875778212,-0.0150612931014944,0.));
#2566=CARTESIAN_POINT('',(0.0428224580935138,-0.015603150844367,0.));
#2567=CARTESIAN_POINT('',(0.0401066670862363,-0.0150612931014944,0.));
#2568=CARTESIAN_POINT('',(0.0378297808506856,-0.0157386152800852,0.));
#2569=CARTESIAN_POINT('',(0.0386891672308815,-0.0150612931014944,0.));
#2570=CARTESIAN_POINT('',(0.0401066670862363,-0.0150612931014944,0.));
#2571=CARTESIAN_POINT('',(0.0378297808506856,-0.0157386152800852,0.));
#2572=CARTESIAN_POINT('',(0.0369703944704897,-0.0175603410116229,0.));
#2573=CARTESIAN_POINT('',(0.0369703944704897,-0.0164159374586759,0.));
#2574=CARTESIAN_POINT('',(0.0378297808506856,-0.0157386152800852,0.));
#2575=CARTESIAN_POINT('',(0.0369703944704897,-0.0175603410116229,0.));
#2576=CARTESIAN_POINT('',(0.0375631868411923,-0.0193278809688733,0.));
#2577=CARTESIAN_POINT('',(0.0369703944704897,-0.0186505587902825,0.));
#2578=CARTESIAN_POINT('',(0.0369703944704897,-0.0175603410116229,0.));
#2579=CARTESIAN_POINT('',(0.0375631868411923,-0.0193278809688733,0.));
#2580=CARTESIAN_POINT('',(0.0395366327407343,-0.0204993774089639,0.));
#2581=CARTESIAN_POINT('',(0.0381559792118949,-0.0200052031474641,0.));
#2582=CARTESIAN_POINT('',(0.0375631868411923,-0.0193278809688733,0.));
#2583=CARTESIAN_POINT('',(0.0395366327407343,-0.0204993774089639,0.));
#2584=CARTESIAN_POINT('',(0.041009402085862,-0.0211290161061818,0.));
#2585=CARTESIAN_POINT('',(0.0405249812637339,-0.0208505012263454,0.));
#2586=CARTESIAN_POINT('',(0.0395366327407343,-0.0204993774089639,0.));
#2587=CARTESIAN_POINT('',(0.041009402085862,-0.0211290161061818,0.));
#2588=CARTESIAN_POINT('',(0.0417008125657675,-0.0217358967781991,0.));
#2589=CARTESIAN_POINT('',(0.0414938229079901,-0.0214075309860183,0.));
#2590=CARTESIAN_POINT('',(0.041009402085862,-0.0211290161061818,0.));
#2591=CARTESIAN_POINT('',(0.0417008125657675,-0.0217358967781991,0.));
#2592=CARTESIAN_POINT('',(0.0419078022235448,-0.0225779437106232,0.));
#2593=CARTESIAN_POINT('',(0.0419078022235448,-0.0220642625703799,0.));
#2594=CARTESIAN_POINT('',(0.0417008125657675,-0.0217358967781991,0.));
#2595=CARTESIAN_POINT('',(0.0419078022235448,-0.0225779437106232,0.));
#2596=CARTESIAN_POINT('',(0.0413247632922139,-0.0237949562011151,0.));
#2597=CARTESIAN_POINT('',(0.0419078022235448,-0.0233582188603597,0.));
#2598=CARTESIAN_POINT('',(0.0419078022235448,-0.0225779437106232,0.));
#2599=CARTESIAN_POINT('',(0.0413247632922139,-0.0237949562011151,0.));
#2600=CARTESIAN_POINT('',(0.0395908185150216,-0.0242316935418704,0.));
#2601=CARTESIAN_POINT('',(0.040741724360883,-0.0242316935418704,0.));
#2602=CARTESIAN_POINT('',(0.0413247632922139,-0.0237949562011151,0.));
#2603=CARTESIAN_POINT('',(0.0395908185150216,-0.0242316935418704,0.));
#2604=CARTESIAN_POINT('',(0.0396057370940307,-0.0172793741225544,0.));
#2605=CARTESIAN_POINT('',(0.0381690415441345,-0.024081861420609,0.));
#2606=CARTESIAN_POINT('',(0.0396182294058145,-0.0169305532465185,0.));
#2607=CARTESIAN_POINT('',(0.0368403486122002,-0.0236774465499725,0.));
#2608=CARTESIAN_POINT('',(0.0368403486122002,-0.0242316935418704,0.));
#2609=CARTESIAN_POINT('',(0.0368403486122002,-0.0247865558705719,0.));
#2610=CARTESIAN_POINT('',(0.0395496373265633,-0.025241716374585,0.));
#2611=CARTESIAN_POINT('',(0.037789683377713,-0.025241716374585,0.));
#2612=CARTESIAN_POINT('',(0.0368403486122002,-0.0247865558705719,0.));
#2613=CARTESIAN_POINT('',(0.0395496373265633,-0.025241716374585,0.));
#2614=CARTESIAN_POINT('',(0.0421234616052081,-0.0245091247062211,0.));
#2615=CARTESIAN_POINT('',(0.041175210555181,-0.025241716374585,0.));
#2616=CARTESIAN_POINT('',(0.0395496373265633,-0.025241716374585,0.));
#2617=CARTESIAN_POINT('',(0.0266371673139091,-0.0251051682233811,0.));
#2618=CARTESIAN_POINT('',(0.0272906477518134,-0.0251051682233811,0.));
#2619=CARTESIAN_POINT('',(0.0259836868760046,-0.0251051682233811,0.));
#2620=CARTESIAN_POINT('',(0.025637981636052,-0.0224977487646781,0.));
#2621=CARTESIAN_POINT('',(0.0239853155202905,-0.0198903293059751,0.));
#2622=CARTESIAN_POINT('',(0.0255187729326199,-0.0175462527103082,0.));
#2623=CARTESIAN_POINT('',(0.0270522303449495,-0.0152021761146413,0.));
#2624=CARTESIAN_POINT('',(0.0264399310955034,-0.0152021761146413,0.));
#2625=CARTESIAN_POINT('',(0.0258276318460573,-0.0152021761146413,0.));
#2626=CARTESIAN_POINT('',(0.0245878613303648,-0.0171637011438401,0.));
#2627=CARTESIAN_POINT('',(0.0233480908146723,-0.0191252261730389,0.));
#2628=CARTESIAN_POINT('',(0.0221191574538372,-0.0171637011438401,0.));
#2629=CARTESIAN_POINT('',(0.0208902240930022,-0.0152021761146413,0.));
#2630=CARTESIAN_POINT('',(0.020252999387384,-0.0152021761146413,0.));
#2631=CARTESIAN_POINT('',(0.0196157746817658,-0.0152021761146413,0.));
#2632=CARTESIAN_POINT('',(0.021150315809581,-0.0175657595890516,0.));
#2633=CARTESIAN_POINT('',(0.0226848569373963,-0.0199293430634619,0.));
#2634=CARTESIAN_POINT('',(0.0210386931145492,-0.0225172556434215,0.));
#2635=CARTESIAN_POINT('',(0.0193925292917023,-0.0251051682233811,0.));
#2636=CARTESIAN_POINT('',(0.0200026611101769,-0.0251051682233811,0.));
#2637=CARTESIAN_POINT('',(0.0206127929286514,-0.0251051682233811,0.));
#2638=CARTESIAN_POINT('',(0.0219674372858329,-0.0229279838125189,0.));
#2639=CARTESIAN_POINT('',(0.0233220816430144,-0.0207507994016567,0.));
#2640=CARTESIAN_POINT('',(0.0246528842595095,-0.0229279838125189,0.));
#2641=CARTESIAN_POINT('',(0.00778268529291381,-0.0251051682233811,0.));
#2642=CARTESIAN_POINT('',(0.00835813821584452,-0.0251051682233811,0.));
#2643=CARTESIAN_POINT('',(0.0072072323699831,-0.0251051682233811,0.));
#2644=CARTESIAN_POINT('',(0.00835813821584452,-0.0206651858782829,0.));
#2645=CARTESIAN_POINT('',(0.00835813821584452,-0.0162252035331848,0.));
#2646=CARTESIAN_POINT('',(0.00992627452371784,-0.0162252035331848,0.));
#2647=CARTESIAN_POINT('',(0.0114944108315912,-0.0162252035331848,0.));
#2648=CARTESIAN_POINT('',(0.0114944108315912,-0.0157136898239131,0.));
#2649=CARTESIAN_POINT('',(0.0114944108315912,-0.0152021761146413,0.));
#2650=CARTESIAN_POINT('',(0.00778268529291381,-0.0152021761146413,0.));
#2651=CARTESIAN_POINT('',(0.00407095975423646,-0.0152021761146413,0.));
#2652=CARTESIAN_POINT('',(0.00407095975423646,-0.0157136898239131,0.));
#2653=CARTESIAN_POINT('',(0.00407095975423646,-0.0162252035331848,0.));
#2654=CARTESIAN_POINT('',(0.00563909606210978,-0.0162252035331848,0.));
#2655=CARTESIAN_POINT('',(0.0072072323699831,-0.0162252035331848,0.));
#2656=CARTESIAN_POINT('',(0.0072072323699831,-0.0206651858782829,0.));
#2657=CARTESIAN_POINT('',(0.00230144010856747,0.0264979135245085,0.005));
#2658=CARTESIAN_POINT('',(-0.00838281307369471,0.0264979135245085,0.005));
#2659=CARTESIAN_POINT('',(0.0129856932908297,0.0264979135245085,0.005));
#2660=CARTESIAN_POINT('',(-0.00860447809100151,0.00659239804372191,0.005));
#2661=CARTESIAN_POINT('',(-0.00882614310830831,-0.0133131174370646,0.005));
#2662=CARTESIAN_POINT('',(0.0248965416103601,-0.0633729696273804,0.005));
#2663=CARTESIAN_POINT('',(0.0248965416103601,-0.0633729696273804,1.73472347597681E-18));
#2664=CARTESIAN_POINT('',(0.0241983645574703,-0.0635406067146582,0.005));
#2665=CARTESIAN_POINT('',(0.0241983645574703,-0.0635406067146582,1.73472347597681E-18));
#2666=CARTESIAN_POINT('',(0.0229099478157432,-0.0638499643896049,0.005));
#2667=CARTESIAN_POINT('',(0.0229099478157432,-0.0638499643896049,1.73472347597681E-18));
#2668=CARTESIAN_POINT('',(0.0225166416817494,-0.0618651141377589,0.005));
#2669=CARTESIAN_POINT('',(0.0225166416817494,-0.0618651141377589,1.73472347597681E-18));
#2670=CARTESIAN_POINT('',(0.0211228279926953,-0.0630419999545623,0.005));
#2671=CARTESIAN_POINT('',(0.0211228279926953,-0.0630419999545623,1.73472347597681E-18));
#2672=CARTESIAN_POINT('',(0.0194950535572004,-0.0606410708038295,0.005));
#2673=CARTESIAN_POINT('',(0.0194950535572004,-0.0606410708038295,1.73472347597681E-18));
#2674=CARTESIAN_POINT('',(0.019018724469404,-0.0579226392402526,0.005));
#2675=CARTESIAN_POINT('',(0.019018724469404,-0.0579226392402526,1.73472347597681E-18));
#2676=CARTESIAN_POINT('',(0.0166284946565949,-0.0555984119990106,0.005));
#2677=CARTESIAN_POINT('',(0.0166284946565949,-0.0555984119990106,1.73472347597681E-18));
#2678=CARTESIAN_POINT('',(0.0192390628811449,-0.052574871795702,0.005));
#2679=CARTESIAN_POINT('',(0.0192390628811449,-0.052574871795702,1.73472347597681E-18));
#2680=CARTESIAN_POINT('',(0.015802188928361,-0.0531386952881846,0.005));
#2681=CARTESIAN_POINT('',(0.015802188928361,-0.0531386952881846,1.73472347597681E-18));
#2682=CARTESIAN_POINT('',(0.0164398225291483,-0.0504241336229592,0.005));
#2683=CARTESIAN_POINT('',(0.0164398225291483,-0.0504241336229592,1.73472347597681E-18));
#2684=CARTESIAN_POINT('',(0.013877213077668,-0.0491299506361221,0.005));
#2685=CARTESIAN_POINT('',(0.013877213077668,-0.0491299506361221,1.73472347597681E-18));
#2686=CARTESIAN_POINT('',(0.0116547122836443,-0.0475248265445808,0.005));
#2687=CARTESIAN_POINT('',(0.0116547122836443,-0.0475248265445808,1.73472347597681E-18));
#2688=CARTESIAN_POINT('',(0.0108023452684898,-0.042820724280095,0.005));
#2689=CARTESIAN_POINT('',(0.0108023452684898,-0.042820724280095,1.73472347597681E-18));
#2690=CARTESIAN_POINT('',(0.00897221684076913,-0.0441444238623886,0.005));
#2691=CARTESIAN_POINT('',(0.00897221684076913,-0.0441444238623886,1.73472347597681E-18));
#2692=CARTESIAN_POINT('',(0.00944720081676201,-0.0396567380993942,0.005));
#2693=CARTESIAN_POINT('',(0.00944720081676201,-0.0396567380993942,1.73472347597681E-18));
#2694=CARTESIAN_POINT('',(0.00733040651914147,-0.0372897132775535,0.005));
#2695=CARTESIAN_POINT('',(0.00733040651914147,-0.0372897132775535,1.73472347597681E-18));
#2696=CARTESIAN_POINT('',(0.00520099294831441,-0.0370174166180854,0.005));
#2697=CARTESIAN_POINT('',(0.00520099294831441,-0.0370174166180854,1.73472347597681E-18));
#2698=CARTESIAN_POINT('',(0.00329008357714435,-0.0335276991109972,0.005));
#2699=CARTESIAN_POINT('',(0.00329008357714435,-0.0335276991109972,1.73472347597681E-18));
#2700=CARTESIAN_POINT('',(6.69273919066044E-5,-0.034246568304098,0.005));
#2701=CARTESIAN_POINT('',(6.69273919066044E-5,-0.034246568304098,1.73472347597681E-18));
#2702=CARTESIAN_POINT('',(-0.00497300753986374,-0.0328241752618049,0.005));
#2703=CARTESIAN_POINT('',(-0.00497300753986374,-0.0328241752618049,1.73472347597681E-18));
#2704=CARTESIAN_POINT('',(-0.00605485202471397,-0.0361343877483015,0.005));
#2705=CARTESIAN_POINT('',(-0.00605485202471397,-0.0361343877483015,1.73472347597681E-18));
#2706=CARTESIAN_POINT('',(-0.00757426858535298,-0.0393613584750869,0.005));
#2707=CARTESIAN_POINT('',(-0.00757426858535298,-0.0393613584750869,1.73472347597681E-18));
#2708=CARTESIAN_POINT('',(-0.0117391059423313,-0.0381826957345688,0.005));
#2709=CARTESIAN_POINT('',(-0.0117391059423313,-0.0381826957345688,1.73472347597681E-18));
#2710=CARTESIAN_POINT('',(-0.0154460305903623,-0.0357222767323439,0.005));
#2711=CARTESIAN_POINT('',(-0.0154460305903623,-0.0357222767323439,1.73472347597681E-18));
#2712=CARTESIAN_POINT('',(-0.0193653587160751,-0.0330987200313474,0.005));
#2713=CARTESIAN_POINT('',(-0.0193653587160751,-0.0330987200313474,1.73472347597681E-18));
#2714=CARTESIAN_POINT('',(-0.0185663485259735,-0.0271403544331449,0.005));
#2715=CARTESIAN_POINT('',(-0.0185663485259735,-0.0271403544331449,1.73472347597681E-18));
#2716=CARTESIAN_POINT('',(-0.0251697718159401,-0.0233395417149115,0.005));
#2717=CARTESIAN_POINT('',(-0.0251697718159401,-0.0233395417149115,1.73472347597681E-18));
#2718=CARTESIAN_POINT('',(-0.0273757573199061,-0.0211562482740258,0.005));
#2719=CARTESIAN_POINT('',(-0.0273757573199061,-0.0211562482740258,1.73472347597681E-18));
#2720=CARTESIAN_POINT('',(-0.0312071689143362,-0.0175931018387138,0.005));
#2721=CARTESIAN_POINT('',(-0.0312071689143362,-0.0175931018387138,1.73472347597681E-18));
#2722=CARTESIAN_POINT('',(-0.0331535477883015,-0.0152318203323489,0.005));
#2723=CARTESIAN_POINT('',(-0.0331535477883015,-0.0152318203323489,1.73472347597681E-18));
#2724=CARTESIAN_POINT('',(-0.033699499914984,-0.0135137926090642,0.005));
#2725=CARTESIAN_POINT('',(-0.033699499914984,-0.0135137926090642,1.73472347597681E-18));
#2726=CARTESIAN_POINT('',(-0.0329459870615104,-0.0126880462059191,0.005));
#2727=CARTESIAN_POINT('',(-0.0329459870615104,-0.0126880462059191,1.73472347597681E-18));
#2728=CARTESIAN_POINT('',(-0.0201064427897567,-0.0130207859102416,0.005));
#2729=CARTESIAN_POINT('',(-0.0201064427897567,-0.0130207859102416,1.73472347597681E-18));
#2730=CARTESIAN_POINT('',(-0.00882614310830831,-0.0133131174370646,0.005));
#2731=CARTESIAN_POINT('',(-0.00882614310830831,-0.0133131174370646,1.73472347597681E-18));
#2732=CARTESIAN_POINT('',(0.0248965416103601,-0.0633729696273804,0.005));
#2733=CARTESIAN_POINT('',(0.0321645066142082,-0.0561120212078095,0.005));
#2734=CARTESIAN_POINT('',(0.0321645066142082,-0.0561120212078095,-8.67361737988404E-19));
#2735=CARTESIAN_POINT('',(0.0317670900414396,-0.0569750057432785,0.005));
#2736=CARTESIAN_POINT('',(0.0317670900414396,-0.0569750057432785,-8.67361737988404E-19));
#2737=CARTESIAN_POINT('',(0.0308002194287321,-0.059074551770645,0.005));
#2738=CARTESIAN_POINT('',(0.0308002194287321,-0.059074551770645,-8.67361737988404E-19));
#2739=CARTESIAN_POINT('',(0.0351067263878434,-0.0637592846841274,0.005));
#2740=CARTESIAN_POINT('',(0.0351067263878434,-0.0637592846841274,-8.67361737988404E-19));
#2741=CARTESIAN_POINT('',(0.0320554809770516,-0.0683870897891045,0.005));
#2742=CARTESIAN_POINT('',(0.0320554809770516,-0.0683870897891045,-8.67361737988404E-19));
#2743=CARTESIAN_POINT('',(0.0309126648237752,-0.0643716730768116,0.005));
#2744=CARTESIAN_POINT('',(0.0309126648237752,-0.0643716730768116,-8.67361737988404E-19));
#2745=CARTESIAN_POINT('',(0.0295687166394288,-0.0666602894583037,0.005));
#2746=CARTESIAN_POINT('',(0.0295687166394288,-0.0666602894583037,-8.67361737988404E-19));
#2747=CARTESIAN_POINT('',(0.0285475268368666,-0.0643556535420427,0.005));
#2748=CARTESIAN_POINT('',(0.0285475268368666,-0.0643556535420427,-8.67361737988404E-19));
#2749=CARTESIAN_POINT('',(0.0261233543890178,-0.064894207572374,0.005));
#2750=CARTESIAN_POINT('',(0.0261233543890178,-0.064894207572374,-8.67361737988404E-19));
#2751=CARTESIAN_POINT('',(0.0252929349224609,-0.0638644941354386,0.005));
#2752=CARTESIAN_POINT('',(0.0252929349224609,-0.0638644941354386,-8.67361737988404E-19));
#2753=CARTESIAN_POINT('',(0.0248965416103601,-0.0633729696273804,0.005));
#2754=CARTESIAN_POINT('',(0.0248965416103601,-0.0633729696273804,-8.67361737988404E-19));
#2755=CARTESIAN_POINT('',(0.0321645066142082,-0.0561120212078095,0.005));
#2756=CARTESIAN_POINT('',(0.0572794228792191,-0.0115448897704482,0.005));
#2757=CARTESIAN_POINT('',(0.0572794228792191,-0.0115448897704482,7.80625564189563E-18));
#2758=CARTESIAN_POINT('',(0.0568202776270158,-0.0118567265679137,0.005));
#2759=CARTESIAN_POINT('',(0.0568202776270158,-0.0118567265679137,7.80625564189563E-18));
#2760=CARTESIAN_POINT('',(0.0558396857044271,-0.012522713297153,0.005));
#2761=CARTESIAN_POINT('',(0.0558396857044271,-0.012522713297153,7.80625564189563E-18));
#2762=CARTESIAN_POINT('',(0.057465360317145,-0.0141650596005647,0.005));
#2763=CARTESIAN_POINT('',(0.057465360317145,-0.0141650596005647,7.80625564189563E-18));
#2764=CARTESIAN_POINT('',(0.0585710316415736,-0.013958208306237,0.005));
#2765=CARTESIAN_POINT('',(0.0585710316415736,-0.013958208306237,7.80625564189563E-18));
#2766=CARTESIAN_POINT('',(0.0579986593660083,-0.0160136131991284,0.005));
#2767=CARTESIAN_POINT('',(0.0579986593660083,-0.0160136131991284,7.80625564189563E-18));
#2768=CARTESIAN_POINT('',(0.059400222622552,-0.0179761319431385,0.005));
#2769=CARTESIAN_POINT('',(0.059400222622552,-0.0179761319431385,7.80625564189563E-18));
#2770=CARTESIAN_POINT('',(0.0609039995814221,-0.0191680283145999,0.005));
#2771=CARTESIAN_POINT('',(0.0609039995814221,-0.0191680283145999,7.80625564189563E-18));
#2772=CARTESIAN_POINT('',(0.0592639577462402,-0.020960653757266,0.005));
#2773=CARTESIAN_POINT('',(0.0592639577462402,-0.020960653757266,7.80625564189563E-18));
#2774=CARTESIAN_POINT('',(0.061794775452034,-0.0199267858432487,0.005));
#2775=CARTESIAN_POINT('',(0.061794775452034,-0.0199267858432487,7.80625564189563E-18));
#2776=CARTESIAN_POINT('',(0.0606229300640885,-0.0256367674017514,0.005));
#2777=CARTESIAN_POINT('',(0.0606229300640885,-0.0256367674017514,7.80625564189563E-18));
#2778=CARTESIAN_POINT('',(0.0585058837102133,-0.0254708746978116,0.005));
#2779=CARTESIAN_POINT('',(0.0585058837102133,-0.0254708746978116,7.80625564189563E-18));
#2780=CARTESIAN_POINT('',(0.0605322839803902,-0.0276405236046486,0.005));
#2781=CARTESIAN_POINT('',(0.0605322839803902,-0.0276405236046486,7.80625564189563E-18));
#2782=CARTESIAN_POINT('',(0.0574343177559371,-0.0285642320495234,0.005));
#2783=CARTESIAN_POINT('',(0.0574343177559371,-0.0285642320495234,7.80625564189563E-18));
#2784=CARTESIAN_POINT('',(0.0592659756842867,-0.0295877266985318,0.005));
#2785=CARTESIAN_POINT('',(0.0592659756842867,-0.0295877266985318,7.80625564189563E-18));
#2786=CARTESIAN_POINT('',(0.0584938620444936,-0.030280378146797,0.005));
#2787=CARTESIAN_POINT('',(0.0584938620444936,-0.030280378146797,7.80625564189563E-18));
#2788=CARTESIAN_POINT('',(0.0577857234012304,-0.0322887465291885,0.005));
#2789=CARTESIAN_POINT('',(0.0577857234012304,-0.0322887465291885,7.80625564189563E-18));
#2790=CARTESIAN_POINT('',(0.0575642032130065,-0.0340157767426605,0.005));
#2791=CARTESIAN_POINT('',(0.0575642032130065,-0.0340157767426605,7.80625564189563E-18));
#2792=CARTESIAN_POINT('',(0.0545862584049836,-0.0335636803859779,0.005));
#2793=CARTESIAN_POINT('',(0.0545862584049836,-0.0335636803859779,7.80625564189563E-18));
#2794=CARTESIAN_POINT('',(0.0524737544416311,-0.0359641821442869,0.005));
#2795=CARTESIAN_POINT('',(0.0524737544416311,-0.0359641821442869,7.80625564189563E-18));
#2796=CARTESIAN_POINT('',(0.0512742972205645,-0.0347809407129063,0.005));
#2797=CARTESIAN_POINT('',(0.0512742972205645,-0.0347809407129063,7.80625564189563E-18));
#2798=CARTESIAN_POINT('',(0.0533845371054206,-0.0341036097160642,0.005));
#2799=CARTESIAN_POINT('',(0.0533845371054206,-0.0341036097160642,7.80625564189563E-18));
#2800=CARTESIAN_POINT('',(0.0493313937482248,-0.0310941788456184,0.005));
#2801=CARTESIAN_POINT('',(0.0493313937482248,-0.0310941788456184,7.80625564189563E-18));
#2802=CARTESIAN_POINT('',(0.0515005508198087,-0.0355076326406429,0.005));
#2803=CARTESIAN_POINT('',(0.0515005508198087,-0.0355076326406429,7.80625564189563E-18));
#2804=CARTESIAN_POINT('',(0.0497426420809664,-0.0359706379679573,0.005));
#2805=CARTESIAN_POINT('',(0.0497426420809664,-0.0359706379679573,7.80625564189563E-18));
#2806=CARTESIAN_POINT('',(0.0520519669865637,-0.0373362965871785,0.005));
#2807=CARTESIAN_POINT('',(0.0520519669865637,-0.0373362965871785,7.80625564189563E-18));
#2808=CARTESIAN_POINT('',(0.0470441498469547,-0.0400304652527533,0.005));
#2809=CARTESIAN_POINT('',(0.0470441498469547,-0.0400304652527533,7.80625564189563E-18));
#2810=CARTESIAN_POINT('',(0.0456690807824117,-0.0416499831577741,0.005));
#2811=CARTESIAN_POINT('',(0.0456690807824117,-0.0416499831577741,7.80625564189563E-18));
#2812=CARTESIAN_POINT('',(0.0431220376324035,-0.0421256725853325,0.005));
#2813=CARTESIAN_POINT('',(0.0431220376324035,-0.0421256725853325,7.80625564189563E-18));
#2814=CARTESIAN_POINT('',(0.0408823715105363,-0.0443722751002301,0.005));
#2815=CARTESIAN_POINT('',(0.0408823715105363,-0.0443722751002301,7.80625564189563E-18));
#2816=CARTESIAN_POINT('',(0.040674396257566,-0.0415951354960528,0.005));
#2817=CARTESIAN_POINT('',(0.040674396257566,-0.0415951354960528,7.80625564189563E-18));
#2818=CARTESIAN_POINT('',(0.0387609673261418,-0.0413366315805706,0.005));
#2819=CARTESIAN_POINT('',(0.0387609673261418,-0.0413366315805706,7.80625564189563E-18));
#2820=CARTESIAN_POINT('',(0.0390245943655166,-0.0443890819972461,0.005));
#2821=CARTESIAN_POINT('',(0.0390245943655166,-0.0443890819972461,7.80625564189563E-18));
#2822=CARTESIAN_POINT('',(0.0405468487254142,-0.0441392275625076,0.005));
#2823=CARTESIAN_POINT('',(0.0405468487254142,-0.0441392275625076,7.80625564189563E-18));
#2824=CARTESIAN_POINT('',(0.040948758594179,-0.0454502013334189,0.005));
#2825=CARTESIAN_POINT('',(0.040948758594179,-0.0454502013334189,7.80625564189563E-18));
#2826=CARTESIAN_POINT('',(0.0383520256573013,-0.045267463434671,0.005));
#2827=CARTESIAN_POINT('',(0.0383520256573013,-0.045267463434671,7.80625564189563E-18));
#2828=CARTESIAN_POINT('',(0.0357199516753196,-0.0435237230441681,0.005));
#2829=CARTESIAN_POINT('',(0.0357199516753196,-0.0435237230441681,7.80625564189563E-18));
#2830=CARTESIAN_POINT('',(0.0362456202873714,-0.0464971834469722,0.005));
#2831=CARTESIAN_POINT('',(0.0362456202873714,-0.0464971834469722,7.80625564189563E-18));
#2832=CARTESIAN_POINT('',(0.0385412707010401,-0.0453219560956034,0.005));
#2833=CARTESIAN_POINT('',(0.0385412707010401,-0.0453219560956034,7.80625564189563E-18));
#2834=CARTESIAN_POINT('',(0.038999778229876,-0.0462994888140759,0.005));
#2835=CARTESIAN_POINT('',(0.038999778229876,-0.0462994888140759,7.80625564189563E-18));
#2836=CARTESIAN_POINT('',(0.0357592215179467,-0.0471232847818251,0.005));
#2837=CARTESIAN_POINT('',(0.0357592215179467,-0.0471232847818251,7.80625564189563E-18));
#2838=CARTESIAN_POINT('',(0.0351102142311564,-0.0500231226430026,0.005));
#2839=CARTESIAN_POINT('',(0.0351102142311564,-0.0500231226430026,7.80625564189563E-18));
#2840=CARTESIAN_POINT('',(0.0316678518424127,-0.0479776342958538,0.005));
#2841=CARTESIAN_POINT('',(0.0316678518424127,-0.0479776342958538,7.80625564189563E-18));
#2842=CARTESIAN_POINT('',(0.0341195691875839,-0.0509931681511887,0.005));
#2843=CARTESIAN_POINT('',(0.0341195691875839,-0.0509931681511887,7.80625564189563E-18));
#2844=CARTESIAN_POINT('',(0.0331052080147954,-0.0556762937084564,0.005));
#2845=CARTESIAN_POINT('',(0.0331052080147954,-0.0556762937084564,7.80625564189563E-18));
#2846=CARTESIAN_POINT('',(0.0285255755746982,-0.053894492027065,0.005));
#2847=CARTESIAN_POINT('',(0.0285255755746982,-0.053894492027065,7.80625564189563E-18));
#2848=CARTESIAN_POINT('',(0.030922586574702,-0.0553552072154983,0.005));
#2849=CARTESIAN_POINT('',(0.030922586574702,-0.0553552072154983,7.80625564189563E-18));
#2850=CARTESIAN_POINT('',(0.0321645066142082,-0.0561120212078094,0.005));
#2851=CARTESIAN_POINT('',(0.0321645066142082,-0.0561120212078094,7.80625564189563E-18));
#2852=CARTESIAN_POINT('',(0.0572794228792191,-0.0115448897704482,0.005));
#2853=CARTESIAN_POINT('',(0.0382775142788887,0.00309469294734299,0.005));
#2854=CARTESIAN_POINT('',(0.0382775142788887,0.00309469294734299,1.73472347597681E-18));
#2855=CARTESIAN_POINT('',(0.0389655578637735,0.00281253871858089,0.005));
#2856=CARTESIAN_POINT('',(0.0389655578637735,0.00281253871858089,1.73472347597681E-18));
#2857=CARTESIAN_POINT('',(0.0401762476748235,0.00231605672614405,0.005));
#2858=CARTESIAN_POINT('',(0.0401762476748235,0.00231605672614405,1.73472347597681E-18));
#2859=CARTESIAN_POINT('',(0.0407536873834239,0.00443460674898311,0.005));
#2860=CARTESIAN_POINT('',(0.0407536873834239,0.00443460674898311,1.73472347597681E-18));
#2861=CARTESIAN_POINT('',(0.0418226804451983,0.00128686707323527,0.005));
#2862=CARTESIAN_POINT('',(0.0418226804451983,0.00128686707323527,1.73472347597681E-18));
#2863=CARTESIAN_POINT('',(0.0434579056841203,0.00321638374115405,0.005));
#2864=CARTESIAN_POINT('',(0.0434579056841203,0.00321638374115405,1.73472347597681E-18));
#2865=CARTESIAN_POINT('',(0.0456265936101948,0.00433252223375788,0.005));
#2866=CARTESIAN_POINT('',(0.0456265936101948,0.00433252223375788,1.73472347597681E-18));
#2867=CARTESIAN_POINT('',(0.0456129660986498,0.00239528275048683,0.005));
#2868=CARTESIAN_POINT('',(0.0456129660986498,0.00239528275048683,1.73472347597681E-18));
#2869=CARTESIAN_POINT('',(0.049152355054144,0.00435856421819194,0.005));
#2870=CARTESIAN_POINT('',(0.049152355054144,0.00435856421819194,1.73472347597681E-18));
#2871=CARTESIAN_POINT('',(0.0485938861075042,0.00225603029383362,0.005));
#2872=CARTESIAN_POINT('',(0.0485938861075042,0.00225603029383362,1.73472347597681E-18));
#2873=CARTESIAN_POINT('',(0.0513461743220224,0.00261162997406299,0.005));
#2874=CARTESIAN_POINT('',(0.0513461743220224,0.00261162997406299,1.73472347597681E-18));
#2875=CARTESIAN_POINT('',(0.0536303210959867,0.00120797744477485,0.005));
#2876=CARTESIAN_POINT('',(0.0536303210959867,0.00120797744477485,1.73472347597681E-18));
#2877=CARTESIAN_POINT('',(0.0551292365232302,0.00143083147257855,0.005));
#2878=CARTESIAN_POINT('',(0.0551292365232302,0.00143083147257855,1.73472347597681E-18));
#2879=CARTESIAN_POINT('',(0.057299284603309,0.00182469629392949,0.005));
#2880=CARTESIAN_POINT('',(0.057299284603309,0.00182469629392949,1.73472347597681E-18));
#2881=CARTESIAN_POINT('',(0.0566431154466478,0.000358178849046861,0.005));
#2882=CARTESIAN_POINT('',(0.0566431154466478,0.000358178849046861,1.73472347597681E-18));
#2883=CARTESIAN_POINT('',(0.0565695802255384,-0.0108423282027801,0.005));
#2884=CARTESIAN_POINT('',(0.0565695802255384,-0.0108423282027801,1.73472347597681E-18));
#2885=CARTESIAN_POINT('',(0.0571547292036866,-0.0114214751183332,0.005));
#2886=CARTESIAN_POINT('',(0.0571547292036866,-0.0114214751183332,1.73472347597681E-18));
#2887=CARTESIAN_POINT('',(0.0572794228792191,-0.0115448897704482,0.005));
#2888=CARTESIAN_POINT('',(0.0572794228792191,-0.0115448897704482,1.73472347597681E-18));
#2889=CARTESIAN_POINT('',(0.0382775142788887,0.00309469294734299,0.005));
#2890=CARTESIAN_POINT('',(0.0129856932908297,0.0107153672724962,0.005));
#2891=CARTESIAN_POINT('',(0.0129856932908297,0.0107153672724962,8.67361737988404E-19));
#2892=CARTESIAN_POINT('',(0.0130693747542398,0.00956861173690762,0.005));
#2893=CARTESIAN_POINT('',(0.0130693747542398,0.00956861173690762,8.67361737988404E-19));
#2894=CARTESIAN_POINT('',(0.0132248628667324,0.00743783095878863,0.005));
#2895=CARTESIAN_POINT('',(0.0132248628667324,0.00743783095878863,8.67361737988404E-19));
#2896=CARTESIAN_POINT('',(0.0160917376582123,0.00956520234134613,0.005));
#2897=CARTESIAN_POINT('',(0.0160917376582123,0.00956520234134613,8.67361737988404E-19));
#2898=CARTESIAN_POINT('',(0.0159904869058655,0.0055748101314379,0.005));
#2899=CARTESIAN_POINT('',(0.0159904869058655,0.0055748101314379,8.67361737988404E-19));
#2900=CARTESIAN_POINT('',(0.0179084899231842,0.00815423107078618,0.005));
#2901=CARTESIAN_POINT('',(0.0179084899231842,0.00815423107078618,8.67361737988404E-19));
#2902=CARTESIAN_POINT('',(0.0178380934313571,0.00592151907967261,0.005));
#2903=CARTESIAN_POINT('',(0.0178380934313571,0.00592151907967261,8.67361737988404E-19));
#2904=CARTESIAN_POINT('',(0.0203660574993563,0.00714526799913677,0.005));
#2905=CARTESIAN_POINT('',(0.0203660574993563,0.00714526799913677,8.67361737988404E-19));
#2906=CARTESIAN_POINT('',(0.0195936469320434,0.00468135826630089,0.005));
#2907=CARTESIAN_POINT('',(0.0195936469320434,0.00468135826630089,8.67361737988404E-19));
#2908=CARTESIAN_POINT('',(0.0221527732395939,0.00535956509107153,0.005));
#2909=CARTESIAN_POINT('',(0.0221527732395939,0.00535956509107153,8.67361737988404E-19));
#2910=CARTESIAN_POINT('',(0.0243178095791626,0.00632627923280508,0.005));
#2911=CARTESIAN_POINT('',(0.0243178095791626,0.00632627923280508,8.67361737988404E-19));
#2912=CARTESIAN_POINT('',(0.0243422882186825,0.00328686422877077,0.005));
#2913=CARTESIAN_POINT('',(0.0243422882186825,0.00328686422877077,8.67361737988404E-19));
#2914=CARTESIAN_POINT('',(0.0262544468440684,0.00376061955581546,0.005));
#2915=CARTESIAN_POINT('',(0.0262544468440684,0.00376061955581546,8.67361737988404E-19));
#2916=CARTESIAN_POINT('',(0.0275103711944143,0.00562643806242471,0.005));
#2917=CARTESIAN_POINT('',(0.0275103711944143,0.00562643806242471,8.67361737988404E-19));
#2918=CARTESIAN_POINT('',(0.0281183880823891,0.00322740667377452,0.005));
#2919=CARTESIAN_POINT('',(0.0281183880823891,0.00322740667377452,8.67361737988404E-19));
#2920=CARTESIAN_POINT('',(0.0297336052457649,0.00504965015318576,0.005));
#2921=CARTESIAN_POINT('',(0.0297336052457649,0.00504965015318576,8.67361737988404E-19));
#2922=CARTESIAN_POINT('',(0.029433734213238,-0.00058363069188937,0.005));
#2923=CARTESIAN_POINT('',(0.029433734213238,-0.00058363069188937,8.67361737988404E-19));
#2924=CARTESIAN_POINT('',(0.031307351995025,0.00522075584792341,0.005));
#2925=CARTESIAN_POINT('',(0.031307351995025,0.00522075584792341,8.67361737988404E-19));
#2926=CARTESIAN_POINT('',(0.0339289030318691,0.00151702193526028,0.005));
#2927=CARTESIAN_POINT('',(0.0339289030318691,0.00151702193526028,8.67361737988404E-19));
#2928=CARTESIAN_POINT('',(0.033784506085964,0.00356334992861067,0.005));
#2929=CARTESIAN_POINT('',(0.033784506085964,0.00356334992861067,8.67361737988404E-19));
#2930=CARTESIAN_POINT('',(0.0355356208114234,0.00406320503512256,0.005));
#2931=CARTESIAN_POINT('',(0.0355356208114234,0.00406320503512256,8.67361737988404E-19));
#2932=CARTESIAN_POINT('',(0.0368203029266796,0.00295325305243261,0.005));
#2933=CARTESIAN_POINT('',(0.0368203029266796,0.00295325305243261,8.67361737988404E-19));
#2934=CARTESIAN_POINT('',(0.0388638077045889,-0.00127507719362645,0.005));
#2935=CARTESIAN_POINT('',(0.0388638077045889,-0.00127507719362645,8.67361737988404E-19));
#2936=CARTESIAN_POINT('',(0.0384723143322072,0.0016428065383593,0.005));
#2937=CARTESIAN_POINT('',(0.0384723143322072,0.0016428065383593,8.67361737988404E-19));
#2938=CARTESIAN_POINT('',(0.0382775142788887,0.003094692947343,0.005));
#2939=CARTESIAN_POINT('',(0.0382775142788887,0.003094692947343,8.67361737988404E-19));
#2940=CARTESIAN_POINT('',(0.0129856932908297,0.0107153672724962,0.005));
#2941=CARTESIAN_POINT('',(0.0129856932908297,0.0186066403985024,0.005));
#2942=CARTESIAN_POINT('',(0.0430717126552352,-0.0224695721620487,0.));
#2943=CARTESIAN_POINT('',(0.0430717126552352,-0.0224695721620487,0.005));
#2944=CARTESIAN_POINT('',(0.0430717126552352,-0.0233408794125878,0.));
#2945=CARTESIAN_POINT('',(0.0430717126552352,-0.0233408794125878,0.005));
#2946=CARTESIAN_POINT('',(0.0427556289718928,-0.0240207302606453,0.));
#2947=CARTESIAN_POINT('',(0.0427556289718928,-0.0240207302606453,0.005));
#2948=CARTESIAN_POINT('',(0.0421234616052081,-0.0245091247062211,0.));
#2949=CARTESIAN_POINT('',(0.0421234616052081,-0.0245091247062211,0.005));
#2950=CARTESIAN_POINT('',(0.0430717126552352,-0.0224695721620487,0.));
#2951=CARTESIAN_POINT('',(0.0421234616052081,-0.0245091247062211,0.));
#2952=CARTESIAN_POINT('',(0.0424865062929328,-0.020817989761773,0.));
#2953=CARTESIAN_POINT('',(0.0424865062929328,-0.020817989761773,0.005));
#2954=CARTESIAN_POINT('',(0.042876643867801,-0.0212428062321851,0.));
#2955=CARTESIAN_POINT('',(0.042876643867801,-0.0212428062321851,0.005));
#2956=CARTESIAN_POINT('',(0.0430717126552352,-0.0217933336989437,0.));
#2957=CARTESIAN_POINT('',(0.0430717126552352,-0.0217933336989437,0.005));
#2958=CARTESIAN_POINT('',(0.0430717126552352,-0.0224695721620487,0.));
#2959=CARTESIAN_POINT('',(0.0430717126552352,-0.0224695721620487,0.005));
#2960=CARTESIAN_POINT('',(0.0424865062929328,-0.020817989761773,0.));
#2961=CARTESIAN_POINT('',(0.0403429170621287,-0.0196259027274533,0.));
#2962=CARTESIAN_POINT('',(0.0403429170621287,-0.0196259027274533,0.005));
#2963=CARTESIAN_POINT('',(0.0413818389744631,-0.0199958109465876,0.));
#2964=CARTESIAN_POINT('',(0.0413818389744631,-0.0199958109465876,0.005));
#2965=CARTESIAN_POINT('',(0.0420963687180645,-0.0203931732913609,0.));
#2966=CARTESIAN_POINT('',(0.0420963687180645,-0.0203931732913609,0.005));
#2967=CARTESIAN_POINT('',(0.0424865062929328,-0.020817989761773,0.));
#2968=CARTESIAN_POINT('',(0.0424865062929328,-0.020817989761773,0.005));
#2969=CARTESIAN_POINT('',(0.0403429170621287,-0.0196259027274533,0.));
#2970=CARTESIAN_POINT('',(0.0389644309642608,-0.0190201057709217,0.));
#2971=CARTESIAN_POINT('',(0.0389644309642608,-0.0190201057709217,0.005));
#2972=CARTESIAN_POINT('',(0.0392649813923075,-0.0192028924495173,0.));
#2973=CARTESIAN_POINT('',(0.0392649813923075,-0.0192028924495173,0.005));
#2974=CARTESIAN_POINT('',(0.0397244767582635,-0.0194048247683612,0.));
#2975=CARTESIAN_POINT('',(0.0397244767582635,-0.0194048247683612,0.005));
#2976=CARTESIAN_POINT('',(0.0403429170621287,-0.0196259027274533,0.));
#2977=CARTESIAN_POINT('',(0.0403429170621287,-0.0196259027274533,0.005));
#2978=CARTESIAN_POINT('',(0.0389644309642608,-0.0190201057709217,0.));
#2979=CARTESIAN_POINT('',(0.0383239551121854,-0.0184164762453616,0.));
#2980=CARTESIAN_POINT('',(0.0383239551121854,-0.0184164762453616,0.005));
#2981=CARTESIAN_POINT('',(0.0384503885855223,-0.0186361092504726,0.));
#2982=CARTESIAN_POINT('',(0.0384503885855223,-0.0186361092504726,0.005));
#2983=CARTESIAN_POINT('',(0.0386638805362141,-0.018837319092326,0.));
#2984=CARTESIAN_POINT('',(0.0386638805362141,-0.018837319092326,0.005));
#2985=CARTESIAN_POINT('',(0.0389644309642608,-0.0190201057709217,0.));
#2986=CARTESIAN_POINT('',(0.0389644309642608,-0.0190201057709217,0.005));
#2987=CARTESIAN_POINT('',(0.0383239551121854,-0.0184164762453616,0.));
#2988=CARTESIAN_POINT('',(0.03813430490218,-0.0175733455974518,0.));
#2989=CARTESIAN_POINT('',(0.03813430490218,-0.0175733455974518,0.005));
#2990=CARTESIAN_POINT('',(0.03813430490218,-0.0179157996909473,0.));
#2991=CARTESIAN_POINT('',(0.03813430490218,-0.0179157996909473,0.005));
#2992=CARTESIAN_POINT('',(0.0381975216388485,-0.0181968432402506,0.));
#2993=CARTESIAN_POINT('',(0.0381975216388485,-0.0181968432402506,0.005));
#2994=CARTESIAN_POINT('',(0.0383239551121854,-0.0184164762453616,0.));
#2995=CARTESIAN_POINT('',(0.0383239551121854,-0.0184164762453616,0.005));
#2996=CARTESIAN_POINT('',(0.03813430490218,-0.0175733455974518,0.));
#2997=CARTESIAN_POINT('',(0.0386490697579089,-0.0164831278187922,0.));
#2998=CARTESIAN_POINT('',(0.0386490697579089,-0.0164831278187922,0.005));
#2999=CARTESIAN_POINT('',(0.038305893187423,-0.016744664489352,0.));
#3000=CARTESIAN_POINT('',(0.038305893187423,-0.016744664489352,0.005));
#3001=CARTESIAN_POINT('',(0.03813430490218,-0.0171080704155719,0.));
#3002=CARTESIAN_POINT('',(0.03813430490218,-0.0171080704155719,0.005));
#3003=CARTESIAN_POINT('',(0.03813430490218,-0.0175733455974518,0.));
#3004=CARTESIAN_POINT('',(0.03813430490218,-0.0175733455974518,0.005));
#3005=CARTESIAN_POINT('',(0.0386490697579089,-0.0164831278187922,0.));
#3006=CARTESIAN_POINT('',(0.0400784904836069,-0.0160908228129523,0.));
#3007=CARTESIAN_POINT('',(0.0400784904836069,-0.0160908228129523,0.005));
#3008=CARTESIAN_POINT('',(0.0394687199036276,-0.0160908228129523,0.));
#3009=CARTESIAN_POINT('',(0.0394687199036276,-0.0160908228129523,0.005));
#3010=CARTESIAN_POINT('',(0.038992246328395,-0.0162215911482323,0.));
#3011=CARTESIAN_POINT('',(0.038992246328395,-0.0162215911482323,0.005));
#3012=CARTESIAN_POINT('',(0.0386490697579089,-0.0164831278187922,0.));
#3013=CARTESIAN_POINT('',(0.0386490697579089,-0.0164831278187922,0.005));
#3014=CARTESIAN_POINT('',(0.0400784904836069,-0.0160908228129523,0.));
#3015=CARTESIAN_POINT('',(0.0424626645522464,-0.0166045039531956,0.));
#3016=CARTESIAN_POINT('',(0.0424626645522464,-0.0166045039531956,0.005));
#3017=CARTESIAN_POINT('',(0.041644820599004,-0.0162620498597001,0.));
#3018=CARTESIAN_POINT('',(0.041644820599004,-0.0162620498597001,0.005));
#3019=CARTESIAN_POINT('',(0.0408500959094575,-0.0160908228129523,0.));
#3020=CARTESIAN_POINT('',(0.0408500959094575,-0.0160908228129523,0.005));
#3021=CARTESIAN_POINT('',(0.0400784904836069,-0.0160908228129523,0.));
#3022=CARTESIAN_POINT('',(0.0400784904836069,-0.0160908228129523,0.005));
#3023=CARTESIAN_POINT('',(0.0424626645522464,-0.0166045039531956,0.));
#3024=CARTESIAN_POINT('',(0.0426425613228801,-0.0161038273987813,0.));
#3025=CARTESIAN_POINT('',(0.0428224580935138,-0.015603150844367,0.));
#3026=CARTESIAN_POINT('',(0.0401066670862363,-0.0150612931014944,0.));
#3027=CARTESIAN_POINT('',(0.0401066670862363,-0.0150612931014944,0.005));
#3028=CARTESIAN_POINT('',(0.0410906807472929,-0.0150612931014944,0.));
#3029=CARTESIAN_POINT('',(0.0410906807472929,-0.0150612931014944,0.005));
#3030=CARTESIAN_POINT('',(0.0419959444163854,-0.0152419123491186,0.));
#3031=CARTESIAN_POINT('',(0.0419959444163854,-0.0152419123491186,0.005));
#3032=CARTESIAN_POINT('',(0.0428224580935138,-0.015603150844367,0.));
#3033=CARTESIAN_POINT('',(0.0428224580935138,-0.015603150844367,0.005));
#3034=CARTESIAN_POINT('',(0.0401066670862363,-0.0150612931014944,0.));
#3035=CARTESIAN_POINT('',(0.0378297808506856,-0.0157386152800852,0.));
#3036=CARTESIAN_POINT('',(0.0378297808506856,-0.0157386152800852,0.005));
#3037=CARTESIAN_POINT('',(0.0384027051041496,-0.0152870671610247,0.));
#3038=CARTESIAN_POINT('',(0.0384027051041496,-0.0152870671610247,0.005));
#3039=CARTESIAN_POINT('',(0.0391616671826665,-0.0150612931014944,0.));
#3040=CARTESIAN_POINT('',(0.0391616671826665,-0.0150612931014944,0.005));
#3041=CARTESIAN_POINT('',(0.0401066670862363,-0.0150612931014944,0.));
#3042=CARTESIAN_POINT('',(0.0401066670862363,-0.0150612931014944,0.005));
#3043=CARTESIAN_POINT('',(0.0378297808506856,-0.0157386152800852,0.));
#3044=CARTESIAN_POINT('',(0.0369703944704897,-0.0175603410116229,0.));
#3045=CARTESIAN_POINT('',(0.0369703944704897,-0.0175603410116229,0.005));
#3046=CARTESIAN_POINT('',(0.0369703944704897,-0.0167974053096582,0.));
#3047=CARTESIAN_POINT('',(0.0369703944704897,-0.0167974053096582,0.005));
#3048=CARTESIAN_POINT('',(0.0372568565972216,-0.0161901633991457,0.));
#3049=CARTESIAN_POINT('',(0.0372568565972216,-0.0161901633991457,0.005));
#3050=CARTESIAN_POINT('',(0.0378297808506856,-0.0157386152800852,0.));
#3051=CARTESIAN_POINT('',(0.0378297808506856,-0.0157386152800852,0.005));
#3052=CARTESIAN_POINT('',(0.0369703944704897,-0.0175603410116229,0.));
#3053=CARTESIAN_POINT('',(0.0375631868411923,-0.0193278809688733,0.));
#3054=CARTESIAN_POINT('',(0.0375631868411923,-0.0193278809688733,0.005));
#3055=CARTESIAN_POINT('',(0.0371679919273905,-0.0188763328498128,0.));
#3056=CARTESIAN_POINT('',(0.0371679919273905,-0.0188763328498128,0.005));
#3057=CARTESIAN_POINT('',(0.0369703944704897,-0.0182871528640627,0.));
#3058=CARTESIAN_POINT('',(0.0369703944704897,-0.0182871528640627,0.005));
#3059=CARTESIAN_POINT('',(0.0369703944704897,-0.0175603410116229,0.));
#3060=CARTESIAN_POINT('',(0.0369703944704897,-0.0175603410116229,0.005));
#3061=CARTESIAN_POINT('',(0.0375631868411923,-0.0193278809688733,0.));
#3062=CARTESIAN_POINT('',(0.0395366327407343,-0.0204993774089639,0.));
#3063=CARTESIAN_POINT('',(0.0395366327407343,-0.0204993774089639,0.005));
#3064=CARTESIAN_POINT('',(0.0386161970548414,-0.0201699279012973,0.));
#3065=CARTESIAN_POINT('',(0.0386161970548414,-0.0201699279012973,0.005));
#3066=CARTESIAN_POINT('',(0.037958381754994,-0.0197794290879338,0.));
#3067=CARTESIAN_POINT('',(0.037958381754994,-0.0197794290879338,0.005));
#3068=CARTESIAN_POINT('',(0.0375631868411923,-0.0193278809688733,0.));
#3069=CARTESIAN_POINT('',(0.0375631868411923,-0.0193278809688733,0.005));
#3070=CARTESIAN_POINT('',(0.0395366327407343,-0.0204993774089639,0.));
#3071=CARTESIAN_POINT('',(0.041009402085862,-0.0211290161061818,0.));
#3072=CARTESIAN_POINT('',(0.041009402085862,-0.0211290161061818,0.005));
#3073=CARTESIAN_POINT('',(0.04068645487111,-0.0209433395196242,0.));
#3074=CARTESIAN_POINT('',(0.04068645487111,-0.0209433395196242,0.005));
#3075=CARTESIAN_POINT('',(0.0401955317560674,-0.0207334599538849,0.));
#3076=CARTESIAN_POINT('',(0.0401955317560674,-0.0207334599538849,0.005));
#3077=CARTESIAN_POINT('',(0.0395366327407343,-0.0204993774089639,0.));
#3078=CARTESIAN_POINT('',(0.0395366327407343,-0.0204993774089639,0.005));
#3079=CARTESIAN_POINT('',(0.041009402085862,-0.0211290161061818,0.));
#3080=CARTESIAN_POINT('',(0.0417008125657675,-0.0217358967781991,0.));
#3081=CARTESIAN_POINT('',(0.0417008125657675,-0.0217358967781991,0.005));
#3082=CARTESIAN_POINT('',(0.0415628194605826,-0.0215169862500786,0.));
#3083=CARTESIAN_POINT('',(0.0415628194605826,-0.0215169862500786,0.005));
#3084=CARTESIAN_POINT('',(0.0413323493006141,-0.0213146926927395,0.));
#3085=CARTESIAN_POINT('',(0.0413323493006141,-0.0213146926927395,0.005));
#3086=CARTESIAN_POINT('',(0.041009402085862,-0.0211290161061818,0.));
#3087=CARTESIAN_POINT('',(0.041009402085862,-0.0211290161061818,0.005));
#3088=CARTESIAN_POINT('',(0.0417008125657675,-0.0217358967781991,0.));
#3089=CARTESIAN_POINT('',(0.0419078022235448,-0.0225779437106232,0.));
#3090=CARTESIAN_POINT('',(0.0419078022235448,-0.0225779437106232,0.005));
#3091=CARTESIAN_POINT('',(0.0419078022235448,-0.0222354896171277,0.));
#3092=CARTESIAN_POINT('',(0.0419078022235448,-0.0222354896171277,0.005));
#3093=CARTESIAN_POINT('',(0.0418388056709524,-0.0219548073063197,0.));
#3094=CARTESIAN_POINT('',(0.0418388056709524,-0.0219548073063197,0.005));
#3095=CARTESIAN_POINT('',(0.0417008125657675,-0.0217358967781991,0.));
#3096=CARTESIAN_POINT('',(0.0417008125657675,-0.0217358967781991,0.005));
#3097=CARTESIAN_POINT('',(0.0419078022235448,-0.0225779437106232,0.));
#3098=CARTESIAN_POINT('',(0.0413247632922139,-0.0237949562011151,0.));
#3099=CARTESIAN_POINT('',(0.0413247632922139,-0.0237949562011151,0.005));
#3100=CARTESIAN_POINT('',(0.0417134559131012,-0.0235037979739449,0.));
#3101=CARTESIAN_POINT('',(0.0417134559131012,-0.0235037979739449,0.005));
#3102=CARTESIAN_POINT('',(0.0419078022235448,-0.0230981271437809,0.));
#3103=CARTESIAN_POINT('',(0.0419078022235448,-0.0230981271437809,0.005));
#3104=CARTESIAN_POINT('',(0.0419078022235448,-0.0225779437106232,0.));
#3105=CARTESIAN_POINT('',(0.0419078022235448,-0.0225779437106232,0.005));
#3106=CARTESIAN_POINT('',(0.0413247632922139,-0.0237949562011151,0.));
#3107=CARTESIAN_POINT('',(0.0395908185150216,-0.0242316935418704,0.));
#3108=CARTESIAN_POINT('',(0.0395908185150216,-0.0242316935418704,0.005));
#3109=CARTESIAN_POINT('',(0.0403580890789292,-0.0242316935418704,0.));
#3110=CARTESIAN_POINT('',(0.0403580890789292,-0.0242316935418704,0.005));
#3111=CARTESIAN_POINT('',(0.0409360706713266,-0.0240861144282853,0.));
#3112=CARTESIAN_POINT('',(0.0409360706713266,-0.0240861144282853,0.005));
#3113=CARTESIAN_POINT('',(0.0413247632922139,-0.0237949562011151,0.));
#3114=CARTESIAN_POINT('',(0.0413247632922139,-0.0237949562011151,0.005));
#3115=CARTESIAN_POINT('',(0.0395908185150216,-0.0242316935418704,0.));
#3116=CARTESIAN_POINT('',(0.0396057370940307,-0.0172793741225544,0.));
#3117=CARTESIAN_POINT('',(0.0381689837977238,-0.0240821408048375,0.));
#3118=CARTESIAN_POINT('',(0.0396182294058145,-0.0169305532465185,0.));
#3119=CARTESIAN_POINT('',(0.0368403486122002,-0.0236774465499725,0.));
#3120=CARTESIAN_POINT('',(0.0368403486122002,-0.0242316935418704,0.));
#3121=CARTESIAN_POINT('',(0.0368403486122002,-0.0247865558705719,0.));
#3122=CARTESIAN_POINT('',(0.0395496373265633,-0.025241716374585,0.));
#3123=CARTESIAN_POINT('',(0.0395496373265633,-0.025241716374585,0.005));
#3124=CARTESIAN_POINT('',(0.0383763346939964,-0.025241716374585,0.));
#3125=CARTESIAN_POINT('',(0.0383763346939964,-0.025241716374585,0.005));
#3126=CARTESIAN_POINT('',(0.0374732384558754,-0.0250899962065806,0.));
#3127=CARTESIAN_POINT('',(0.0374732384558754,-0.0250899962065806,0.005));
#3128=CARTESIAN_POINT('',(0.0368403486122002,-0.0247865558705719,0.));
#3129=CARTESIAN_POINT('',(0.0368403486122002,-0.0247865558705719,0.005));
#3130=CARTESIAN_POINT('',(0.0395496373265633,-0.025241716374585,0.));
#3131=CARTESIAN_POINT('',(0.0421234616052081,-0.0245091247062211,0.));
#3132=CARTESIAN_POINT('',(0.0421234616052081,-0.0245091247062211,0.005));
#3133=CARTESIAN_POINT('',(0.0414912942385234,-0.024997519151797,0.));
#3134=CARTESIAN_POINT('',(0.0414912942385234,-0.024997519151797,0.005));
#3135=CARTESIAN_POINT('',(0.0406333528123084,-0.025241716374585,0.));
#3136=CARTESIAN_POINT('',(0.0406333528123084,-0.025241716374585,0.005));
#3137=CARTESIAN_POINT('',(0.0395496373265633,-0.025241716374585,0.));
#3138=CARTESIAN_POINT('',(0.0395496373265633,-0.025241716374585,0.005));
#3139=CARTESIAN_POINT('',(0.0343142078149281,-0.0235305296225932,0.));
#3140=CARTESIAN_POINT('',(0.0349308419263172,-0.0251051682233811,0.));
#3141=CARTESIAN_POINT('',(0.0336975737035391,-0.0219558910218055,0.));
#3142=CARTESIAN_POINT('',(0.035526885443477,-0.0251051682233811,0.));
#3143=CARTESIAN_POINT('',(0.0361229289606369,-0.0251051682233811,0.));
#3144=CARTESIAN_POINT('',(0.0341754922327527,-0.020133081574782,0.));
#3145=CARTESIAN_POINT('',(0.0322280555048686,-0.015160994926183,0.));
#3146=CARTESIAN_POINT('',(0.0317436346827405,-0.015160994926183,0.));
#3147=CARTESIAN_POINT('',(0.0312592138606123,-0.015160994926183,0.));
#3148=CARTESIAN_POINT('',(0.0293020236933565,-0.020133081574782,0.));
#3149=CARTESIAN_POINT('',(0.0273448335261006,-0.0251051682233811,0.));
#3150=CARTESIAN_POINT('',(0.0279278724574316,-0.0251051682233811,0.));
#3151=CARTESIAN_POINT('',(0.0285109113887625,-0.0251051682233811,0.));
#3152=CARTESIAN_POINT('',(0.0291199594917513,-0.0235305296225932,0.));
#3153=CARTESIAN_POINT('',(0.0297290075947401,-0.0219558910218055,0.));
#3154=CARTESIAN_POINT('',(0.0317132906491396,-0.0219558910218055,0.));
#3155=CARTESIAN_POINT('',(0.0266371673139091,-0.0251051682233811,0.));
#3156=CARTESIAN_POINT('',(0.0272906477518134,-0.0251051682233811,0.));
#3157=CARTESIAN_POINT('',(0.0259836868760046,-0.0251051682233811,0.));
#3158=CARTESIAN_POINT('',(0.025637981636052,-0.0224977487646781,0.));
#3159=CARTESIAN_POINT('',(0.0239853155202905,-0.0198903293059751,0.));
#3160=CARTESIAN_POINT('',(0.0255187729326199,-0.0175462527103082,0.));
#3161=CARTESIAN_POINT('',(0.0270522303449495,-0.0152021761146413,0.));
#3162=CARTESIAN_POINT('',(0.0264399310955034,-0.0152021761146413,0.));
#3163=CARTESIAN_POINT('',(0.0258276318460573,-0.0152021761146413,0.));
#3164=CARTESIAN_POINT('',(0.0245878613303648,-0.0171637011438401,0.));
#3165=CARTESIAN_POINT('',(0.0233480908146723,-0.0191252261730389,0.));
#3166=CARTESIAN_POINT('',(0.0221191574538372,-0.0171637011438401,0.));
#3167=CARTESIAN_POINT('',(0.0208902240930022,-0.0152021761146413,0.));
#3168=CARTESIAN_POINT('',(0.020252999387384,-0.0152021761146413,0.));
#3169=CARTESIAN_POINT('',(0.0196157746817658,-0.0152021761146413,0.));
#3170=CARTESIAN_POINT('',(0.021150315809581,-0.0175657595890516,0.));
#3171=CARTESIAN_POINT('',(0.0226848569373963,-0.0199293430634619,0.));
#3172=CARTESIAN_POINT('',(0.0210386931145492,-0.0225172556434215,0.));
#3173=CARTESIAN_POINT('',(0.0193925292917023,-0.0251051682233811,0.));
#3174=CARTESIAN_POINT('',(0.0200026611101769,-0.0251051682233811,0.));
#3175=CARTESIAN_POINT('',(0.0206127929286514,-0.0251051682233811,0.));
#3176=CARTESIAN_POINT('',(0.0219674372858329,-0.0229279838125189,0.));
#3177=CARTESIAN_POINT('',(0.0233220816430144,-0.0207507994016567,0.));
#3178=CARTESIAN_POINT('',(0.0246528842595095,-0.0229279838125189,0.));
#3179=CARTESIAN_POINT('',(0.0157458266821697,-0.0251051682233811,0.));
#3180=CARTESIAN_POINT('',(0.0185060500243627,-0.0251051682233811,0.));
#3181=CARTESIAN_POINT('',(0.0129856033399766,-0.0251051682233811,0.));
#3182=CARTESIAN_POINT('',(0.0185060500243627,-0.0245904033676521,0.));
#3183=CARTESIAN_POINT('',(0.0185060500243627,-0.0240756385119231,0.));
#3184=CARTESIAN_POINT('',(0.0163212796051003,-0.0240756385119231,0.));
#3185=CARTESIAN_POINT('',(0.014136509185838,-0.0240756385119231,0.));
#3186=CARTESIAN_POINT('',(0.014136509185838,-0.0222539127803854,0.));
#3187=CARTESIAN_POINT('',(0.014136509185838,-0.0204321870488477,0.));
#3188=CARTESIAN_POINT('',(0.0161890663158395,-0.0204321870488477,0.));
#3189=CARTESIAN_POINT('',(0.0182416234458408,-0.0204321870488477,0.));
#3190=CARTESIAN_POINT('',(0.0182416234458408,-0.0199239244860332,0.));
#3191=CARTESIAN_POINT('',(0.0182416234458408,-0.0194156619232187,0.));
#3192=CARTESIAN_POINT('',(0.0161890663158395,-0.0194156619232187,0.));
#3193=CARTESIAN_POINT('',(0.014136509185838,-0.0194156619232187,0.));
#3194=CARTESIAN_POINT('',(0.014136509185838,-0.0178204327282017,0.));
#3195=CARTESIAN_POINT('',(0.014136509185838,-0.0162252035331848,0.));
#3196=CARTESIAN_POINT('',(0.0163212796051003,-0.0162252035331848,0.));
#3197=CARTESIAN_POINT('',(0.0185060500243627,-0.0162252035331848,0.));
#3198=CARTESIAN_POINT('',(0.0185060500243627,-0.0157136898239131,0.));
#3199=CARTESIAN_POINT('',(0.0185060500243627,-0.0152021761146413,0.));
#3200=CARTESIAN_POINT('',(0.0157458266821697,-0.0152021761146413,0.));
#3201=CARTESIAN_POINT('',(0.0129856033399766,-0.0152021761146413,0.));
#3202=CARTESIAN_POINT('',(0.0129856033399766,-0.0201536721690111,0.));
#3203=CARTESIAN_POINT('',(0.00778268529291381,-0.0251051682233811,0.));
#3204=CARTESIAN_POINT('',(0.00835813821584452,-0.0251051682233811,0.));
#3205=CARTESIAN_POINT('',(0.0072072323699831,-0.0251051682233811,0.));
#3206=CARTESIAN_POINT('',(0.00835813821584452,-0.0206651858782829,0.));
#3207=CARTESIAN_POINT('',(0.00835813821584452,-0.0162252035331848,0.));
#3208=CARTESIAN_POINT('',(0.00992627452371784,-0.0162252035331848,0.));
#3209=CARTESIAN_POINT('',(0.0114944108315912,-0.0162252035331848,0.));
#3210=CARTESIAN_POINT('',(0.0114944108315912,-0.0157136898239131,0.));
#3211=CARTESIAN_POINT('',(0.0114944108315912,-0.0152021761146413,0.));
#3212=CARTESIAN_POINT('',(0.00778268529291381,-0.0152021761146413,0.));
#3213=CARTESIAN_POINT('',(0.00407095975423646,-0.0152021761146413,0.));
#3214=CARTESIAN_POINT('',(0.00407095975423646,-0.0157136898239131,0.));
#3215=CARTESIAN_POINT('',(0.00407095975423646,-0.0162252035331848,0.));
#3216=CARTESIAN_POINT('',(0.00563909606210978,-0.0162252035331848,0.));
#3217=CARTESIAN_POINT('',(0.0072072323699831,-0.0162252035331848,0.));
#3218=CARTESIAN_POINT('',(0.0072072323699831,-0.0206651858782829,0.));
#3219=CARTESIAN_POINT('',(0.,0.,0.));
#3220=CARTESIAN_POINT('',(0.014047637768525,-0.0202843505627637,0.));
#3221=CARTESIAN_POINT('',(0.0327634109548267,-0.0193853178896178,0.));
#3222=CARTESIAN_POINT('',(0.0333399475932432,-0.0209198590174331,0.));
#3223=CARTESIAN_POINT('',(0.0321868743164102,-0.0178507767618026,0.));
#3224=CARTESIAN_POINT('',(0.0317382161053118,-0.0209198590174331,0.));
#3225=CARTESIAN_POINT('',(0.0301364846173803,-0.0209198590174331,0.));
#3226=CARTESIAN_POINT('',(0.0307184398332255,-0.0193853178896178,0.));
#3227=CARTESIAN_POINT('',(0.0313000445242479,-0.0178506492051292,0.));
#3228=CARTESIAN_POINT('',(0.0191077005816316,-0.0134138312326293,0.));
#3229=CARTESIAN_POINT('',(0.0317273789504543,-0.0164224397515904,0.));
#3230=CARTESIAN_POINT('',(0.0321868743164102,-0.0178507767618026,0.));
#3231=CARTESIAN_POINT('',(0.0319636289263468,-0.0172677378304717,0.));
#3232=CARTESIAN_POINT('',(0.0317273789504543,-0.0164224397515904,0.));
#3233=CARTESIAN_POINT('',(0.0321868743164102,-0.0178507767618026,0.));
#3234=CARTESIAN_POINT('',(0.0321868743164102,-0.0178507767618026,0.005));
#3235=CARTESIAN_POINT('',(0.0320380440563679,-0.0174620841409153,0.));
#3236=CARTESIAN_POINT('',(0.0320380440563679,-0.0174620841409153,0.005));
#3237=CARTESIAN_POINT('',(0.0318848789343826,-0.0169859718041779,0.));
#3238=CARTESIAN_POINT('',(0.0318848789343826,-0.0169859718041779,0.005));
#3239=CARTESIAN_POINT('',(0.0317273789504543,-0.0164224397515904,0.));
#3240=CARTESIAN_POINT('',(0.0317273789504543,-0.0164224397515904,0.005));
#3241=CARTESIAN_POINT('',(0.0321868743164102,-0.0178507767618026,0.005));
#3242=CARTESIAN_POINT('',(0.0319636289263468,-0.0172677378304717,0.005));
#3243=CARTESIAN_POINT('',(0.0317273789504543,-0.0164224397515904,0.005));
#3244=CARTESIAN_POINT('',(0.0321868743164102,-0.0178507767618026,0.005));
#3245=CARTESIAN_POINT('',(0.0317273789504543,-0.0164224397515904,0.005));
#3246=CARTESIAN_POINT('',(0.0321868743164102,-0.0178507767618026,0.));
#3247=CARTESIAN_POINT('',(0.0317273789504543,-0.0164224397515904,0.));
#3248=CARTESIAN_POINT('',(0.0191077005816316,-0.0134138312326293,0.));
#3249=CARTESIAN_POINT('',(0.0191077005816316,-0.0134138312326293,0.005));
#3250=CARTESIAN_POINT('',(0.0313000445242479,-0.0178506492051292,0.005));
#3251=CARTESIAN_POINT('',(0.0313003950490707,-0.0178507767618026,0.));
#3252=CARTESIAN_POINT('',(0.0307184398332255,-0.0193853178896178,0.));
#3253=CARTESIAN_POINT('',(0.0307184398332255,-0.0193853178896178,0.005));
#3254=CARTESIAN_POINT('',(0.0301364846173803,-0.0209198590174331,0.005));
#3255=CARTESIAN_POINT('',(0.0301364846173803,-0.0209198590174331,0.));
#3256=CARTESIAN_POINT('',(0.0317382161053118,-0.0209198590174331,0.));
#3257=CARTESIAN_POINT('',(0.0317382161053118,-0.0209198590174331,0.005));
#3258=CARTESIAN_POINT('',(0.0333399475932432,-0.0209198590174331,0.005));
#3259=CARTESIAN_POINT('',(0.0333399475932432,-0.0209198590174331,0.));
#3260=CARTESIAN_POINT('',(0.0327634109548267,-0.0193853178896178,0.));
#3261=CARTESIAN_POINT('',(0.0327634109548267,-0.0193853178896178,0.005));
#3262=CARTESIAN_POINT('',(0.014047637768525,-0.0202843505627637,0.005));
#3263=MECHANICAL_DESIGN_GEOMETRIC_PRESENTATION_REPRESENTATION('',(#1630),
#3265);
#3264=MECHANICAL_DESIGN_GEOMETRIC_PRESENTATION_REPRESENTATION('',(#1631),
#3266);
#3265=(
GEOMETRIC_REPRESENTATION_CONTEXT(3)
GLOBAL_UNCERTAINTY_ASSIGNED_CONTEXT((#3267))
GLOBAL_UNIT_ASSIGNED_CONTEXT((#3273,#3271,#3269))
REPRESENTATION_CONTEXT('Part 1','TOP_LEVEL_ASSEMBLY_PART')
);
#3266=(
GEOMETRIC_REPRESENTATION_CONTEXT(3)
GLOBAL_UNCERTAINTY_ASSIGNED_CONTEXT((#3268))
GLOBAL_UNIT_ASSIGNED_CONTEXT((#3274,#3272,#3270))
REPRESENTATION_CONTEXT('Part 2','TOP_LEVEL_ASSEMBLY_PART')
);
#3267=UNCERTAINTY_MEASURE_WITH_UNIT(LENGTH_MEASURE(2.E-5),#3273,
'DISTANCE_ACCURACY_VALUE','Maximum Tolerance applied to model');
#3268=UNCERTAINTY_MEASURE_WITH_UNIT(LENGTH_MEASURE(2.E-5),#3274,
'DISTANCE_ACCURACY_VALUE','Maximum Tolerance applied to model');
#3269=(
NAMED_UNIT(*)
SI_UNIT($,.STERADIAN.)
SOLID_ANGLE_UNIT()
);
#3270=(
NAMED_UNIT(*)
SI_UNIT($,.STERADIAN.)
SOLID_ANGLE_UNIT()
);
#3271=(
NAMED_UNIT(*)
PLANE_ANGLE_UNIT()
SI_UNIT($,.RADIAN.)
);
#3272=(
NAMED_UNIT(*)
PLANE_ANGLE_UNIT()
SI_UNIT($,.RADIAN.)
);
#3273=(
LENGTH_UNIT()
NAMED_UNIT(*)
SI_UNIT($,.METRE.)
);
#3274=(
LENGTH_UNIT()
NAMED_UNIT(*)
SI_UNIT($,.METRE.)
);
#3275=PRODUCT_DEFINITION_SHAPE('','',#3277);
#3276=PRODUCT_DEFINITION_SHAPE('','',#3278);
#3277=PRODUCT_DEFINITION('','',#3281,#3279);
#3278=PRODUCT_DEFINITION('','',#3282,#3280);
#3279=PRODUCT_DEFINITION_CONTEXT('',#3293,'design');
#3280=PRODUCT_DEFINITION_CONTEXT('',#3294,'design');
#3281=PRODUCT_DEFINITION_FORMATION_WITH_SPECIFIED_SOURCE('','',#3285,
 .NOT_KNOWN.);
#3282=PRODUCT_DEFINITION_FORMATION_WITH_SPECIFIED_SOURCE('','',#3286,
 .NOT_KNOWN.);
#3283=PRODUCT_RELATED_PRODUCT_CATEGORY('','',(#3285));
#3284=PRODUCT_RELATED_PRODUCT_CATEGORY('','',(#3286));
#3285=PRODUCT('Part 1','Part 1','Part 1',(#3289));
#3286=PRODUCT('Part 2','Part 2','Part 2',(#3290));
#3287=PRODUCT_CATEGORY('','');
#3288=PRODUCT_CATEGORY('','');
#3289=PRODUCT_CONTEXT('',#3293,'mechanical');
#3290=PRODUCT_CONTEXT('',#3294,'mechanical');
#3291=APPLICATION_PROTOCOL_DEFINITION('international standard',
'ap242_managed_model_based_3d_engineering',2020,#3293);
#3292=APPLICATION_PROTOCOL_DEFINITION('international standard',
'ap242_managed_model_based_3d_engineering',2020,#3294);
#3293=APPLICATION_CONTEXT('managed model based 3d engineering');
#3294=APPLICATION_CONTEXT('managed model based 3d engineering');
ENDSEC;
END-ISO-10303-21;
